Scenario,FOV_deg,Seat_RX,Channel_used,SINR_hybrid_dB,n_rays_eq,Real_exponent_d,+-dB_1sigma
sin_bloqueo_0grados,10.0,6,DIFF,66.25,1.0,1.737,7.544
sin_bloqueo_0grados,10.0,7,DIFF,66.25,1.0,1.737,7.544
sin_bloqueo_0grados,10.0,8,DIFF,66.25,1.0,1.737,7.544
sin_bloqueo_0grados,10.0,9,LOS,66.81,6574.0,2.000,0.107
sin_bloqueo_0grados,20.0,6,DIFF,64.28,3.0,1.784,4.473
sin_bloqueo_0grados,20.0,7,DIFF,61.09,2.0,1.845,5.665
sin_bloqueo_0grados,20.0,8,DIFF,71.47,8.0,1.576,2.420
sin_bloqueo_0grados,20.0,9,LOS,60.55,10658.0,2.000,0.084
sin_bloqueo_0grados,30.0,6,DIFF,70.56,15.0,1.608,1.803
sin_bloqueo_0grados,30.0,7,DIFF,65.98,8.0,1.744,2.678
sin_bloqueo_0grados,30.0,8,DIFF,70.56,15.0,1.608,1.803
sin_bloqueo_0grados,30.0,9,DIFF,67.65,10.0,1.699,2.333
sin_bloqueo_0grados,40.0,6,DIFF,69.72,22.0,1.636,1.515
sin_bloqueo_0grados,40.0,7,DIFF,66.41,14.0,1.733,2.011
sin_bloqueo_0grados,40.0,8,DIFF,70.04,23.0,1.625,1.472
sin_bloqueo_0grados,40.0,9,DIFF,65.24,12.0,1.762,2.209
sin_bloqueo_0grados,50.0,6,DIFF,70.11,33.0,1.623,1.227
sin_bloqueo_0grados,50.0,7,DIFF,65.66,18.0,1.752,1.793
sin_bloqueo_0grados,50.0,8,DIFF,69.43,30.0,1.645,1.304
sin_bloqueo_0grados,50.0,9,DIFF,64.26,15.0,1.784,2.001
sin_bloqueo_0grados,60.0,6,DIFF,70.86,47.0,1.597,1.012
sin_bloqueo_0grados,60.0,7,DIFF,66.29,25.0,1.736,1.508
sin_bloqueo_0grados,60.0,8,DIFF,69.37,38.0,1.647,1.160
sin_bloqueo_0grados,60.0,9,DIFF,65.98,24.0,1.744,1.546
sin_bloqueo_0grados,70.0,6,DIFF,84.62,602.0,1.120,0.198
sin_bloqueo_0grados,70.0,7,DIFF,67.99,37.0,1.689,1.206
sin_bloqueo_0grados,70.0,8,DIFF,84.60,599.0,1.120,0.199
sin_bloqueo_0grados,70.0,9,DIFF,66.18,29.0,1.739,1.402
sin_bloqueo_0grados,80.0,6,DIFF,84.20,606.0,1.129,0.199
sin_bloqueo_0grados,80.0,7,DIFF,75.12,116.0,1.437,0.580
sin_bloqueo_0grados,80.0,8,DIFF,84.17,602.0,1.130,0.200
sin_bloqueo_0grados,80.0,9,DIFF,74.68,108.0,1.455,0.608
sin_bloqueo_0grados,90.0,6,DIFF,84.06,608.0,1.133,0.199
sin_bloqueo_0grados,90.0,7,DIFF,74.99,117.0,1.443,0.579
sin_bloqueo_0grados,90.0,8,DIFF,84.02,602.0,1.134,0.201
sin_bloqueo_0grados,90.0,9,DIFF,74.48,108.0,1.463,0.611
sin_bloqueo_15grados,10.0,6,DIFF,73.96,3.0,1.483,3.718
sin_bloqueo_15grados,10.0,7,LOS,55.54,1795.0,2.000,0.205
sin_bloqueo_15grados,10.0,8,DIFF,77.11,5.0,1.359,2.640
sin_bloqueo_15grados,10.0,9,DIFF,71.26,2.0,1.584,4.863
sin_bloqueo_15grados,20.0,6,DIFF,72.27,9.0,1.547,2.240
sin_bloqueo_15grados,20.0,7,DIFF,68.14,5.0,1.685,3.273
sin_bloqueo_15grados,20.0,8,DIFF,74.66,13.0,1.455,1.753
sin_bloqueo_15grados,20.0,9,DIFF,68.14,5.0,1.685,3.273
sin_bloqueo_15grados,30.0,6,DIFF,72.53,20.0,1.537,1.493
sin_bloqueo_15grados,30.0,7,DIFF,68.98,12.0,1.659,2.080
sin_bloqueo_15grados,30.0,8,DIFF,72.53,20.0,1.537,1.493
sin_bloqueo_15grados,30.0,9,DIFF,65.98,8.0,1.744,2.678
sin_bloqueo_15grados,40.0,6,DIFF,71.64,29.0,1.570,1.266
sin_bloqueo_15grados,40.0,7,DIFF,67.41,16.0,1.706,1.852
sin_bloqueo_15grados,40.0,8,DIFF,72.10,31.0,1.553,1.212
sin_bloqueo_15grados,40.0,9,DIFF,65.24,12.0,1.762,2.209
sin_bloqueo_15grados,50.0,6,DIFF,71.94,43.0,1.559,1.033
sin_bloqueo_15grados,50.0,7,DIFF,67.50,23.0,1.703,1.543
sin_bloqueo_15grados,50.0,8,DIFF,88.12,838.0,1.061,0.159
sin_bloqueo_15grados,50.0,9,DIFF,66.82,21.0,1.722,1.632
sin_bloqueo_15grados,60.0,6,DIFF,71.43,51.0,1.577,0.959
sin_bloqueo_15grados,60.0,7,DIFF,68.35,33.0,1.679,1.269
sin_bloqueo_15grados,60.0,8,DIFF,87.04,850.0,1.076,0.160
sin_bloqueo_15grados,60.0,9,DIFF,78.53,159.0,1.305,0.449
sin_bloqueo_15grados,70.0,6,DIFF,71.65,62.0,1.570,0.866
sin_bloqueo_15grados,70.0,7,DIFF,67.58,35.0,1.701,1.249
sin_bloqueo_15grados,70.0,8,DIFF,86.32,858.0,1.087,0.161
sin_bloqueo_15grados,70.0,9,DIFF,77.73,163.0,1.335,0.454
sin_bloqueo_15grados,80.0,6,DIFF,81.08,328.0,1.216,0.291
sin_bloqueo_15grados,80.0,7,DIFF,67.69,39.0,1.698,1.181
sin_bloqueo_15grados,80.0,8,DIFF,85.91,864.0,1.094,0.162
sin_bloqueo_15grados,80.0,9,DIFF,77.33,167.0,1.351,0.454
sin_bloqueo_15grados,90.0,6,DIFF,80.92,328.0,1.221,0.293
sin_bloqueo_15grados,90.0,7,DIFF,68.18,43.0,1.684,1.115
sin_bloqueo_15grados,90.0,8,DIFF,85.80,870.0,1.097,0.161
sin_bloqueo_15grados,90.0,9,DIFF,77.18,168.0,1.356,0.454
sin_bloqueo_30grados,10.0,6,DIFF,73.96,3.0,1.483,3.718
sin_bloqueo_30grados,10.0,7,DIFF,66.25,1.0,1.737,7.544
sin_bloqueo_30grados,10.0,8,DIFF,77.11,5.0,1.359,2.640
sin_bloqueo_30grados,10.0,9,DIFF,66.25,1.0,1.737,7.544
sin_bloqueo_30grados,20.0,6,DIFF,74.15,12.0,1.475,1.850
sin_bloqueo_30grados,20.0,7,DIFF,69.45,6.0,1.644,2.915
sin_bloqueo_30grados,20.0,8,DIFF,71.47,8.0,1.576,2.420
sin_bloqueo_30grados,20.0,9,DIFF,66.48,4.0,1.731,3.759
sin_bloqueo_30grados,30.0,6,DIFF,73.16,22.0,1.514,1.402
sin_bloqueo_30grados,30.0,7,DIFF,68.35,11.0,1.679,2.198
sin_bloqueo_30grados,30.0,8,DIFF,75.92,34.0,1.406,1.047
sin_bloqueo_30grados,30.0,9,DIFF,62.34,5.0,1.823,3.540
sin_bloqueo_30grados,40.0,6,DIFF,73.78,40.0,1.490,1.023
sin_bloqueo_30grados,40.0,7,DIFF,68.67,19.0,1.669,1.663
sin_bloqueo_30grados,40.0,8,DIFF,90.55,1008.0,1.037,0.142
sin_bloqueo_30grados,40.0,9,DIFF,62.08,8.0,1.828,2.806
sin_bloqueo_30grados,50.0,6,DIFF,73.08,51.0,1.517,0.922
sin_bloqueo_30grados,50.0,7,DIFF,68.94,28.0,1.661,1.363
sin_bloqueo_30grados,50.0,8,DIFF,89.00,1016.0,1.051,0.143
sin_bloqueo_30grados,50.0,9,DIFF,81.07,198.0,1.216,0.375
sin_bloqueo_30grados,60.0,6,DIFF,72.53,60.0,1.537,0.862
sin_bloqueo_30grados,60.0,7,DIFF,69.91,41.0,1.630,1.105
sin_bloqueo_30grados,60.0,8,DIFF,87.92,1026.0,1.064,0.144
sin_bloqueo_30grados,60.0,9,DIFF,79.86,202.0,1.257,0.384
sin_bloqueo_30grados,70.0,6,DIFF,71.65,62.0,1.570,0.866
sin_bloqueo_30grados,70.0,7,DIFF,69.08,43.0,1.656,1.097
sin_bloqueo_30grados,70.0,8,DIFF,87.19,1032.0,1.074,0.145
sin_bloqueo_30grados,70.0,9,DIFF,79.17,210.0,1.281,0.384
sin_bloqueo_30grados,80.0,6,DIFF,71.22,64.0,1.585,0.860
sin_bloqueo_30grados,80.0,7,DIFF,74.37,103.0,1.467,0.628
sin_bloqueo_30grados,80.0,8,DIFF,86.78,1039.0,1.080,0.145
sin_bloqueo_30grados,80.0,9,DIFF,78.70,212.0,1.298,0.387
sin_bloqueo_30grados,90.0,6,DIFF,74.42,107.0,1.465,0.615
sin_bloqueo_30grados,90.0,7,DIFF,74.18,103.0,1.474,0.631
sin_bloqueo_30grados,90.0,8,DIFF,86.65,1042.0,1.082,0.146
sin_bloqueo_30grados,90.0,9,DIFF,78.58,214.0,1.303,0.387
bloqueo_carrito_0grados,10.0,6,DIFF,66.25,1.0,1.737,7.544
bloqueo_carrito_0grados,10.0,7,LOS,70.33,6573.0,2.000,0.107
bloqueo_carrito_0grados,10.0,8,DIFF,73.96,3.0,1.483,3.718
bloqueo_carrito_0grados,10.0,9,LOS,64.32,6574.0,2.000,0.107
bloqueo_carrito_0grados,20.0,6,DIFF,68.14,5.0,1.685,3.273
bloqueo_carrito_0grados,20.0,7,DIFF,66.48,4.0,1.731,3.759
bloqueo_carrito_0grados,20.0,8,DIFF,71.47,8.0,1.576,2.420
bloqueo_carrito_0grados,20.0,9,LOS,57.63,10660.0,2.000,0.084
bloqueo_carrito_0grados,30.0,6,DIFF,68.98,12.0,1.659,2.080
bloqueo_carrito_0grados,30.0,7,DIFF,67.65,10.0,1.699,2.333
bloqueo_carrito_0grados,30.0,8,DIFF,70.08,14.0,1.624,1.885
bloqueo_carrito_0grados,30.0,9,LOS,51.33,10690.0,2.000,0.084
bloqueo_carrito_0grados,40.0,6,DIFF,72.31,32.0,1.545,1.186
bloqueo_carrito_0grados,40.0,7,DIFF,66.93,15.0,1.719,1.928
bloqueo_carrito_0grados,40.0,8,DIFF,68.27,18.0,1.681,1.721
bloqueo_carrito_0grados,40.0,9,DIFF,59.77,6.0,1.865,3.306
bloqueo_carrito_0grados,50.0,6,DIFF,71.94,43.0,1.559,1.033
bloqueo_carrito_0grados,50.0,7,DIFF,65.66,18.0,1.752,1.793
bloqueo_carrito_0grados,50.0,8,DIFF,69.19,29.0,1.653,1.333
bloqueo_carrito_0grados,50.0,9,DIFF,63.72,14.0,1.796,2.084
bloqueo_carrito_0grados,60.0,6,DIFF,72.18,57.0,1.550,0.892
bloqueo_carrito_0grados,60.0,7,DIFF,65.98,24.0,1.744,1.546
bloqueo_carrito_0grados,60.0,8,DIFF,69.55,39.0,1.641,1.141
bloqueo_carrito_0grados,60.0,9,DIFF,64.19,19.0,1.786,1.779
bloqueo_carrito_0grados,70.0,6,DIFF,84.69,610.0,1.119,0.197
bloqueo_carrito_0grados,70.0,7,DIFF,67.14,33.0,1.713,1.295
bloqueo_carrito_0grados,70.0,8,DIFF,84.57,595.0,1.121,0.200
bloqueo_carrito_0grados,70.0,9,DIFF,64.40,23.0,1.781,1.613
bloqueo_carrito_0grados,80.0,6,DIFF,84.29,617.0,1.127,0.197
bloqueo_carrito_0grados,80.0,7,DIFF,74.90,112.0,1.446,0.593
bloqueo_carrito_0grados,80.0,8,DIFF,84.16,601.0,1.130,0.200
bloqueo_carrito_0grados,80.0,9,DIFF,74.37,103.0,1.467,0.628
bloqueo_carrito_0grados,90.0,6,DIFF,84.14,617.0,1.131,0.198
bloqueo_carrito_0grados,90.0,7,DIFF,74.77,113.0,1.451,0.593
bloqueo_carrito_0grados,90.0,8,DIFF,84.02,602.0,1.134,0.201
bloqueo_carrito_0grados,90.0,9,DIFF,74.18,103.0,1.474,0.631
bloqueo_carrito_15grados,10.0,6,DIFF,71.26,2.0,1.584,4.863
bloqueo_carrito_15grados,10.0,7,LOS,51.13,1800.0,2.000,0.205
bloqueo_carrito_15grados,10.0,8,DIFF,73.96,3.0,1.483,3.718
bloqueo_carrito_15grados,10.0,9,DIFF,66.25,1.0,1.737,7.544
bloqueo_carrito_15grados,20.0,6,DIFF,68.14,5.0,1.685,3.273
bloqueo_carrito_15grados,20.0,7,DIFF,70.54,7.0,1.608,2.640
bloqueo_carrito_15grados,20.0,8,DIFF,69.45,6.0,1.644,2.915
bloqueo_carrito_15grados,20.0,9,DIFF,61.09,2.0,1.845,5.665
bloqueo_carrito_15grados,30.0,6,DIFF,70.08,14.0,1.624,1.885
bloqueo_carrito_15grados,30.0,7,DIFF,71.43,17.0,1.577,1.662
bloqueo_carrito_15grados,30.0,8,DIFF,69.55,13.0,1.641,1.977
bloqueo_carrito_15grados,30.0,9,DIFF,62.34,5.0,1.823,3.540
bloqueo_carrito_15grados,40.0,6,DIFF,70.04,23.0,1.625,1.472
bloqueo_carrito_15grados,40.0,7,DIFF,69.39,21.0,1.646,1.560
bloqueo_carrito_15grados,40.0,8,DIFF,68.67,19.0,1.669,1.663
bloqueo_carrito_15grados,40.0,9,DIFF,63.83,10.0,1.793,2.463
bloqueo_carrito_15grados,50.0,6,DIFF,71.27,39.0,1.583,1.101
bloqueo_carrito_15grados,50.0,7,DIFF,69.43,30.0,1.645,1.304
bloqueo_carrito_15grados,50.0,8,DIFF,88.02,821.0,1.062,0.161
bloqueo_carrito_15grados,50.0,9,DIFF,64.26,15.0,1.784,2.001
bloqueo_carrito_15grados,60.0,6,DIFF,71.43,51.0,1.577,0.959
bloqueo_carrito_15grados,60.0,7,DIFF,68.35,33.0,1.679,1.269
bloqueo_carrito_15grados,60.0,8,DIFF,86.92,827.0,1.078,0.163
bloqueo_carrito_15grados,60.0,9,DIFF,78.20,150.0,1.317,0.467
bloqueo_carrito_15grados,70.0,6,DIFF,70.95,56.0,1.594,0.925
bloqueo_carrito_15grados,70.0,7,DIFF,68.74,41.0,1.667,1.131
bloqueo_carrito_15grados,70.0,8,DIFF,86.20,836.0,1.089,0.164
bloqueo_carrito_15grados,70.0,9,DIFF,77.44,155.0,1.346,0.470
bloqueo_carrito_15grados,80.0,6,DIFF,80.97,321.0,1.219,0.296
bloqueo_carrito_15grados,80.0,7,DIFF,68.40,43.0,1.677,1.111
bloqueo_carrito_15grados,80.0,8,DIFF,85.78,841.0,1.097,0.164
bloqueo_carrito_15grados,80.0,9,DIFF,77.11,161.0,1.359,0.465
bloqueo_carrito_15grados,90.0,6,DIFF,80.82,322.0,1.224,0.296
bloqueo_carrito_15grados,90.0,7,DIFF,68.67,46.0,1.669,1.069
bloqueo_carrito_15grados,90.0,8,DIFF,85.65,844.0,1.099,0.164
bloqueo_carrito_15grados,90.0,9,DIFF,76.97,162.0,1.365,0.466
bloqueo_carrito_30grados,10.0,6,DIFF,71.26,2.0,1.584,4.863
bloqueo_carrito_30grados,10.0,7,DIFF,66.25,1.0,1.737,7.544
bloqueo_carrito_30grados,10.0,8,DIFF,73.96,3.0,1.483,3.718
bloqueo_carrito_30grados,10.0,9,LOS,6.02,8.0,2.000,3.071
bloqueo_carrito_30grados,20.0,6,DIFF,78.34,24.0,1.312,1.163
bloqueo_carrito_30grados,20.0,7,DIFF,69.45,6.0,1.644,2.915
bloqueo_carrito_30grados,20.0,8,DIFF,69.45,6.0,1.644,2.915
bloqueo_carrito_30grados,20.0,9,DIFF,55.42,1.0,1.916,8.320
bloqueo_carrito_30grados,30.0,6,DIFF,76.75,39.0,1.373,0.955
bloqueo_carrito_30grados,30.0,7,DIFF,67.65,10.0,1.699,2.333
bloqueo_carrito_30grados,30.0,8,DIFF,75.55,32.0,1.421,1.091
bloqueo_carrito_30grados,30.0,9,DIFF,62.34,5.0,1.823,3.540
bloqueo_carrito_30grados,40.0,6,DIFF,76.00,57.0,1.403,0.807
bloqueo_carrito_30grados,40.0,7,DIFF,69.72,22.0,1.636,1.515
bloqueo_carrito_30grados,40.0,8,DIFF,90.55,1006.0,1.037,0.142
bloqueo_carrito_30grados,40.0,9,DIFF,59.77,6.0,1.865,3.306
bloqueo_carrito_30grados,50.0,6,DIFF,74.54,64.0,1.460,0.793
bloqueo_carrito_30grados,50.0,7,DIFF,68.94,28.0,1.661,1.363
bloqueo_carrito_30grados,50.0,8,DIFF,88.97,1009.0,1.051,0.144
bloqueo_carrito_30grados,50.0,9,DIFF,80.96,194.0,1.219,0.380
bloqueo_carrito_30grados,60.0,6,DIFF,73.73,72.0,1.492,0.764
bloqueo_carrito_30grados,60.0,7,DIFF,68.77,35.0,1.666,1.223
bloqueo_carrito_30grados,60.0,8,DIFF,87.85,1011.0,1.064,0.145
bloqueo_carrito_30grados,60.0,9,DIFF,79.80,200.0,1.258,0.386
bloqueo_carrito_30grados,70.0,6,DIFF,73.10,77.0,1.516,0.750
bloqueo_carrito_30grados,70.0,7,DIFF,67.99,37.0,1.689,1.206
bloqueo_carrito_30grados,70.0,8,DIFF,87.11,1014.0,1.075,0.147
bloqueo_carrito_30grados,70.0,9,DIFF,79.01,204.0,1.287,0.391
bloqueo_carrito_30grados,80.0,6,DIFF,72.81,81.0,1.527,0.737
bloqueo_carrito_30grados,80.0,7,DIFF,73.99,97.0,1.482,0.653
bloqueo_carrito_30grados,80.0,8,DIFF,86.69,1019.0,1.081,0.147
bloqueo_carrito_30grados,80.0,9,DIFF,78.57,207.0,1.303,0.393
bloqueo_carrito_30grados,90.0,6,DIFF,75.30,123.0,1.430,0.560
bloqueo_carrito_30grados,90.0,7,DIFF,73.79,97.0,1.489,0.657
bloqueo_carrito_30grados,90.0,8,DIFF,86.55,1020.0,1.084,0.147
bloqueo_carrito_30grados,90.0,9,DIFF,78.39,207.0,1.310,0.395
bloqueo_persona_0grados,10.0,6,DIFF,66.25,1.0,1.737,7.544
bloqueo_persona_0grados,10.0,7,LOS,110.23,6577.0,1.000,0.054
bloqueo_persona_0grados,10.0,8,DIFF,73.96,3.0,1.483,3.718
bloqueo_persona_0grados,10.0,9,DIFF,73.96,3.0,1.483,3.718
bloqueo_persona_0grados,20.0,6,DIFF,70.54,7.0,1.608,2.640
bloqueo_persona_0grados,20.0,7,LOS,74.53,10661.0,1.999,0.084
bloqueo_persona_0grados,20.0,8,DIFF,74.15,12.0,1.475,1.850
bloqueo_persona_0grados,20.0,9,DIFF,69.45,6.0,1.644,2.915
bloqueo_persona_0grados,30.0,6,DIFF,69.55,13.0,1.641,1.977
bloqueo_persona_0grados,30.0,7,LOS,71.04,10695.0,1.999,0.084
bloqueo_persona_0grados,30.0,8,DIFF,72.53,20.0,1.537,1.493
bloqueo_persona_0grados,30.0,9,DIFF,70.08,14.0,1.624,1.885
bloqueo_persona_0grados,40.0,6,DIFF,71.40,28.0,1.578,1.295
bloqueo_persona_0grados,40.0,7,DIFF,64.57,11.0,1.777,2.327
bloqueo_persona_0grados,40.0,8,DIFF,72.31,32.0,1.545,1.186
bloqueo_persona_0grados,40.0,9,DIFF,69.04,20.0,1.658,1.610
bloqueo_persona_0grados,50.0,6,DIFF,71.09,38.0,1.589,1.120
bloqueo_persona_0grados,50.0,7,DIFF,66.07,19.0,1.742,1.735
bloqueo_persona_0grados,50.0,8,DIFF,71.78,42.0,1.565,1.049
bloqueo_persona_0grados,50.0,9,DIFF,67.81,24.0,1.694,1.502
bloqueo_persona_0grados,60.0,6,DIFF,70.86,47.0,1.597,1.012
bloqueo_persona_0grados,60.0,7,DIFF,65.32,22.0,1.760,1.630
bloqueo_persona_0grados,60.0,8,DIFF,71.29,50.0,1.582,0.972
bloqueo_persona_0grados,60.0,9,DIFF,67.14,28.0,1.713,1.406
bloqueo_persona_0grados,70.0,6,DIFF,84.63,603.0,1.120,0.198
bloqueo_persona_0grados,70.0,7,DIFF,65.35,26.0,1.759,1.499
bloqueo_persona_0grados,70.0,8,DIFF,84.69,610.0,1.119,0.197
bloqueo_persona_0grados,70.0,9,DIFF,67.14,33.0,1.713,1.295
bloqueo_persona_0grados,80.0,6,DIFF,84.24,611.0,1.129,0.198
bloqueo_persona_0grados,80.0,7,DIFF,65.46,29.0,1.757,1.417
bloqueo_persona_0grados,80.0,8,DIFF,84.28,616.0,1.128,0.197
bloqueo_persona_0grados,80.0,9,DIFF,75.02,114.0,1.442,0.586
bloqueo_persona_0grados,90.0,6,DIFF,84.09,611.0,1.132,0.199
bloqueo_persona_0grados,90.0,7,DIFF,66.21,33.0,1.738,1.314
bloqueo_persona_0grados,90.0,8,DIFF,84.14,617.0,1.131,0.198
bloqueo_persona_0grados,90.0,9,DIFF,74.88,115.0,1.447,0.586
bloqueo_persona_15grados,10.0,6,DIFF,71.26,2.0,1.584,4.863
bloqueo_persona_15grados,10.0,7,LOS,65.10,1800.0,2.000,0.205
bloqueo_persona_15grados,10.0,8,DIFF,66.25,1.0,1.737,7.544
bloqueo_persona_15grados,10.0,9,LOS,55.56,1800.0,2.000,0.205
bloqueo_persona_15grados,20.0,6,DIFF,72.27,9.0,1.547,2.240
bloqueo_persona_15grados,20.0,7,LOS,77.10,7171.0,1.998,0.102
bloqueo_persona_15grados,20.0,8,DIFF,64.28,3.0,1.784,4.473
bloqueo_persona_15grados,20.0,9,LOS,57.11,7167.0,2.000,0.103
bloqueo_persona_15grados,30.0,6,DIFF,74.93,29.0,1.445,1.165
bloqueo_persona_15grados,30.0,7,DIFF,64.96,7.0,1.768,2.903
bloqueo_persona_15grados,30.0,8,DIFF,69.55,13.0,1.641,1.977
bloqueo_persona_15grados,30.0,9,DIFF,58.22,3.0,1.886,4.728
bloqueo_persona_15grados,40.0,6,DIFF,73.94,41.0,1.484,1.006
bloqueo_persona_15grados,40.0,7,DIFF,67.41,16.0,1.706,1.852
bloqueo_persona_15grados,40.0,8,DIFF,68.67,19.0,1.669,1.663
bloqueo_persona_15grados,40.0,9,DIFF,61.01,7.0,1.846,3.030
bloqueo_persona_15grados,50.0,6,DIFF,73.80,57.0,1.489,0.857
bloqueo_persona_15grados,50.0,7,DIFF,67.17,22.0,1.713,1.586
bloqueo_persona_15grados,50.0,8,DIFF,88.02,821.0,1.062,0.161
bloqueo_persona_15grados,50.0,9,DIFF,63.14,13.0,1.808,2.177
bloqueo_persona_15grados,60.0,6,DIFF,73.99,75.0,1.482,0.743
bloqueo_persona_15grados,60.0,7,DIFF,67.40,29.0,1.706,1.376
bloqueo_persona_15grados,60.0,8,DIFF,86.96,835.0,1.077,0.162
bloqueo_persona_15grados,60.0,9,DIFF,78.23,151.0,1.316,0.465
bloqueo_persona_15grados,70.0,6,DIFF,73.18,78.0,1.513,0.744
bloqueo_persona_15grados,70.0,7,DIFF,67.37,34.0,1.707,1.271
bloqueo_persona_15grados,70.0,8,DIFF,86.25,845.0,1.089,0.163
bloqueo_persona_15grados,70.0,9,DIFF,77.40,154.0,1.348,0.472
bloqueo_persona_15grados,80.0,6,DIFF,81.33,344.0,1.208,0.283
bloqueo_persona_15grados,80.0,7,DIFF,67.09,36.0,1.715,1.241
bloqueo_persona_15grados,80.0,8,DIFF,85.82,848.0,1.096,0.163
bloqueo_persona_15grados,80.0,9,DIFF,76.89,155.0,1.368,0.477
bloqueo_persona_15grados,90.0,6,DIFF,81.17,344.0,1.213,0.284
bloqueo_persona_15grados,90.0,7,DIFF,66.87,36.0,1.721,1.246
bloqueo_persona_15grados,90.0,8,DIFF,85.69,851.0,1.098,0.164
bloqueo_persona_15grados,90.0,9,DIFF,76.82,158.0,1.370,0.473
bloqueo_persona_30grados,10.0,6,DIFF,71.26,2.0,1.584,4.863
bloqueo_persona_30grados,10.0,7,LOS,79.78,8.0,1.259,1.934
bloqueo_persona_30grados,10.0,8,DIFF,71.26,2.0,1.584,4.863
bloqueo_persona_30grados,10.0,9,LOS,13.38,14.0,2.000,2.321
bloqueo_persona_30grados,20.0,6,DIFF,75.56,15.0,1.420,1.593
bloqueo_persona_30grados,20.0,7,DIFF,66.48,4.0,1.731,3.759
bloqueo_persona_30grados,20.0,8,DIFF,72.97,10.0,1.521,2.089
bloqueo_persona_30grados,20.0,9,DIFF,64.28,3.0,1.784,4.473
bloqueo_persona_30grados,30.0,6,DIFF,74.93,29.0,1.445,1.165
bloqueo_persona_30grados,30.0,7,DIFF,68.98,12.0,1.659,2.080
bloqueo_persona_30grados,30.0,8,DIFF,75.92,34.0,1.406,1.047
bloqueo_persona_30grados,30.0,9,DIFF,65.98,8.0,1.744,2.678
bloqueo_persona_30grados,40.0,6,DIFF,74.67,46.0,1.455,0.932
bloqueo_persona_30grados,40.0,7,DIFF,67.86,17.0,1.693,1.783
bloqueo_persona_30grados,40.0,8,DIFF,90.55,1007.0,1.037,0.142
bloqueo_persona_30grados,40.0,9,DIFF,62.08,8.0,1.828,2.806
bloqueo_persona_30grados,50.0,6,DIFF,74.64,65.0,1.456,0.784
bloqueo_persona_30grados,50.0,7,DIFF,67.17,22.0,1.713,1.586
bloqueo_persona_30grados,50.0,8,DIFF,88.99,1013.0,1.051,0.143
bloqueo_persona_30grados,50.0,9,DIFF,80.96,194.0,1.219,0.380
bloqueo_persona_30grados,60.0,6,DIFF,73.64,71.0,1.495,0.771
bloqueo_persona_30grados,60.0,7,DIFF,67.40,29.0,1.706,1.376
bloqueo_persona_30grados,60.0,8,DIFF,87.87,1016.0,1.064,0.145
bloqueo_persona_30grados,60.0,9,DIFF,79.67,195.0,1.263,0.393
bloqueo_persona_30grados,70.0,6,DIFF,72.92,75.0,1.522,0.763
bloqueo_persona_30grados,70.0,7,DIFF,66.18,29.0,1.739,1.402
bloqueo_persona_30grados,70.0,8,DIFF,87.12,1018.0,1.075,0.146
bloqueo_persona_30grados,70.0,9,DIFF,78.93,201.0,1.290,0.395
bloqueo_persona_30grados,80.0,6,DIFF,72.65,79.0,1.533,0.749
bloqueo_persona_30grados,80.0,7,DIFF,65.46,29.0,1.757,1.417
bloqueo_persona_30grados,80.0,8,DIFF,86.74,1029.0,1.081,0.146
bloqueo_persona_30grados,80.0,9,DIFF,78.54,206.0,1.304,0.395
bloqueo_persona_30grados,90.0,6,DIFF,75.20,121.0,1.434,0.566
bloqueo_persona_30grados,90.0,7,DIFF,65.23,29.0,1.762,1.421
bloqueo_persona_30grados,90.0,8,DIFF,86.61,1032.0,1.083,0.146
bloqueo_persona_30grados,90.0,9,DIFF,78.37,206.0,1.311,0.397
