scenario,fov_deg,seat,Pr_own_LOS_mW,Pr_interf_LOS_mW,Pr_DIFF_mW,SINR_LOS_dB,SINR_DIFF_dB,SINR_hybrid_dB,usa_DIFF
sin_bloqueo_0grados,10.0,1,834.166573453648,0.50740059212509,0.1268501480312725,64.31792481821634,66.24958809176985,66.24958809176985,True
sin_bloqueo_0grados,10.0,2,834.8008241938043,0.50740059212509,0.1268501480312725,64.32452645892822,66.24958809176985,66.24958809176985,True
sin_bloqueo_0grados,10.0,3,833.5323227134917,0.50740059212509,0.1268501480312725,64.31131815603494,66.24958809176985,66.24958809176985,True
sin_bloqueo_0grados,10.0,4,833.9128731575854,0.3805504440938175,0.0,66.81397086680464,-inf,66.81397086680464,False
sin_bloqueo_0grados,20.0,1,348.53350303449184,0.49047776953911026,0.09809555390782207,57.03245416015439,64.28370688932175,64.28370688932175,True
sin_bloqueo_0grados,20.0,2,348.9258852501231,0.5231762875083844,0.06539703593854805,56.48165883161573,61.08683127681692,61.08683127681692,True
sin_bloqueo_0grados,20.0,3,348.79509117824597,0.5885733234469325,0.2615881437541922,55.45536110921138,71.46622799474048,71.46622799474048,True
sin_bloqueo_0grados,20.0,4,348.5008045165225,0.3269851796927402,0.032698517969274025,60.55340210040217,55.41747508738284,60.55340210040217,False
sin_bloqueo_0grados,30.0,1,163.61819958690378,0.4436999988797653,0.22949999942056823,51.33481494026817,70.56144457723013,70.56144457723013,True
sin_bloqueo_0grados,30.0,2,163.7711995865175,0.47429999880250767,0.12239999969096974,50.763662990093586,65.97965301169316,65.97965301169316,True
sin_bloqueo_0grados,30.0,3,163.72529958663338,0.5507999986093638,0.22949999942056823,49.46241861945694,70.56144457723013,70.56144457723013,True
sin_bloqueo_0grados,30.0,4,163.86299958628572,0.32129999918879554,0.15299999961371216,54.15134875528282,67.64829904205506,67.64829904205506,True
sin_bloqueo_0grados,40.0,1,99.2873102901969,0.5924837164170257,0.2036662775183526,44.48433672592381,69.72033163811845,69.72033163811845,True
sin_bloqueo_0grados,40.0,2,99.38914342895606,0.5276808099339135,0.12960581296622437,45.49934056912518,66.41151611013571,66.41151611013571,True
sin_bloqueo_0grados,40.0,3,99.40765854509411,0.4628779034508014,0.21292383558736863,46.639051832103476,70.03511819169618,70.03511819169618,True
sin_bloqueo_0grados,40.0,4,99.41691610316312,0.41659011310572125,0.11109069682819232,47.55500673529956,65.24159407220455,65.24159407220455,True
sin_bloqueo_0grados,50.0,1,70.0960486777494,0.5605598090279382,0.2150985313711856,41.94142385266177,70.10679699302761,70.10679699302761,True
sin_bloqueo_0grados,50.0,2,70.20685701209213,0.482342161256598,0.11732647165701034,43.26047563041804,65.65830002608129,65.65830002608129,True
sin_bloqueo_0grados,50.0,3,70.17426632552073,0.45626961199948457,0.19554411942835054,43.739114992785005,69.43039345414473,69.43039345414473,True
sin_bloqueo_0grados,50.0,4,70.23944769866351,0.4301970627423712,0.09777205971417527,44.25825975645846,64.2581142826853,64.2581142826853,True
sin_bloqueo_0grados,60.0,1,54.98819986116815,6.012899984818888,0.2396999993948157,19.223710389637912,70.8640774150273,70.8640774150273,True
sin_bloqueo_0grados,60.0,2,55.105499860871994,5.885399985140794,0.12749999967809345,19.428379187134503,66.2881247231974,66.2881247231974,True
sin_bloqueo_0grados,60.0,3,55.0442998610265,5.910899985076413,0.19379999951070204,19.381174761643184,69.3663421057031,69.3663421057031,True
sin_bloqueo_0grados,60.0,4,55.0850998609235,5.859899985205176,0.12239999969096971,19.462878686441083,65.97965301169316,65.97965301169316,True
sin_bloqueo_0grados,70.0,1,46.81283651348046,5.293354882897486,2.6076920126876324,18.93267884689098,84.62471442953783,84.62471442953783,True
sin_bloqueo_0grados,70.0,2,46.89947079961627,5.154740025080203,0.1602734293512332,19.179223439958065,67.9900176608935,67.9900176608935,True
sin_bloqueo_0grados,70.0,3,46.838826799321204,5.219715739682054,2.5946968697672617,19.05918305548613,84.60040919361859,84.60040919361859,True
sin_bloqueo_0grados,70.0,4,46.91246594253664,5.1114228820123015,0.1256197148969125,19.254928917495477,66.17601784995442,66.17601784995442,True
sin_bloqueo_0grados,80.0,1,42.64564854489053,5.103437456495731,2.390017850569098,18.440238469689163,84.19896979234154,84.19896979234154,True
sin_bloqueo_0grados,80.0,2,42.74819056488194,4.807643168058962,0.4574951661155369,18.979710142159288,75.1241430543155,75.1241430543155,True
sin_bloqueo_0grados,80.0,3,42.7087513264237,5.048222522654201,2.374242155185804,18.547567616444187,84.16647383565623,84.16647383565623,True
sin_bloqueo_0grados,80.0,4,42.75213448872776,4.760316081909078,0.42594377534894823,19.06644016951608,74.67536655346771,74.67536655346771,True
sin_bloqueo_0grados,90.0,1,41.36354989556707,4.961024987474616,2.3255999941284244,18.42092771793895,84.06476089321464,84.06476089321464,True
sin_bloqueo_0grados,90.0,2,41.47829989527735,4.697099988140962,0.447524998870108,18.91982276959715,74.98634965746707,74.98634965746707,True
sin_bloqueo_0grados,90.0,3,41.4285748954029,4.907474987609816,2.302649994186367,18.528837922568254,84.01595479575877,84.01595479575877,True
sin_bloqueo_0grados,90.0,4,41.46299989531599,4.63972498828582,0.4130999989570227,19.02336955255969,74.48140101908078,74.48140101908078,True
sin_bloqueo_15grados,10.0,1,227.9497160121967,0.761100888187635,0.3805504440938175,49.52792294681373,73.95647664476863,73.95647664476863,True
sin_bloqueo_15grados,10.0,2,227.69601571613413,0.3805504440938175,0.0,55.53880976386472,-inf,55.53880976386472,False
sin_bloqueo_15grados,10.0,3,228.71081690038432,0.6342507401563625,0.6342507401563625,51.14049482728742,77.1072276948551,77.1072276948551,True
sin_bloqueo_15grados,10.0,4,228.3302664562905,0.253700296062545,0.253700296062545,59.08472796879943,71.25615981258028,71.25615981258028,True
sin_bloqueo_15grados,20.0,1,234.15408717797126,0.9155585031396727,0.29428666172346624,48.15630319718448,72.26503285396093,72.26503285396093,True
sin_bloqueo_15grados,20.0,2,233.92519755218635,0.6212718414162064,0.1634925898463701,51.51588578537921,68.13572519067318,68.13572519067318,True
sin_bloqueo_15grados,20.0,3,234.48107235766403,0.7193673953240285,0.4250807336005623,50.263125192702276,74.66254871452699,74.66254871452699,True
sin_bloqueo_15grados,20.0,4,234.28488124984835,0.45777925156983634,0.1634925898463701,54.1817246328477,68.13572519067318,68.13572519067318,True
sin_bloqueo_15grados,30.0,1,157.5440996022394,0.8108999979526744,0.3059999992274243,45.76868856927415,72.52645599519289,72.52645599519289,True
sin_bloqueo_15grados,30.0,2,157.58999960212353,0.6731999983003335,0.1835999995364546,47.38767893799272,68.97812695350423,68.97812695350423,True
sin_bloqueo_15grados,30.0,3,157.80419960158272,0.8108999979526744,0.3059999992274243,45.78301684226061,72.52645599519289,72.52645599519289,True
sin_bloqueo_15grados,30.0,4,157.68179960189175,0.33659999915016675,0.12239999969096974,53.413301114950656,65.97965301169316,65.97965301169316,True
sin_bloqueo_15grados,40.0,1,95.92681671114407,5.313838331615199,0.2684691840014648,25.13063378743079,71.64359421120294,71.64359421120294,True
sin_bloqueo_15grados,40.0,2,96.01013473376521,0.6017412744860418,0.14812092910425642,44.05813635053457,67.40867313276114,67.40867313276114,True
sin_bloqueo_15grados,40.0,3,96.17677077900751,0.6387715067621059,0.2869843001394969,43.554484927592426,72.09586886237925,72.09586886237925,True
sin_bloqueo_15grados,40.0,4,95.97310450148916,4.971308683061606,0.11109069682819232,25.71357611587458,65.24159407220455,65.24159407220455,True
sin_bloqueo_15grados,50.0,1,67.72996483266635,10.116149111760002,0.2802799045139691,16.515312531743064,71.93610448409598,71.93610448409598,True
sin_bloqueo_15grados,50.0,2,67.8994364028376,0.59315049559933,0.1499171582284021,41.1740187127532,67.49790845294065,67.49790845294065,True
sin_bloqueo_15grados,50.0,3,67.93202708940899,0.6518137314278352,5.4621990693652585,40.35901580104395,88.1170047123146,88.1170047123146,True
sin_bloqueo_15grados,50.0,4,67.82121875506625,9.855423619188867,0.1368808835998454,16.753805840043864,66.82123183392616,66.82123183392616,True
sin_bloqueo_15grados,60.0,1,53.15729986579072,8.032499979719887,0.26009999934331063,16.41424356003975,71.42716027640519,71.42716027640519,True
sin_bloqueo_15grados,60.0,2,53.28989986545594,0.58649999851923,0.16829999957508335,39.167532359122255,68.34740055129234,68.34740055129234,True
sin_bloqueo_15grados,60.0,3,53.28989986545594,0.9128999976951492,4.334999989055178,35.324431714471686,87.04476229227097,87.04476229227097,True
sin_bloqueo_15grados,60.0,4,53.20319986567484,7.818299980260691,0.8108999979526744,16.656508436166902,78.5281190947772,78.5281190947772,True
sin_bloqueo_15grados,70.0,1,45.266414505956405,6.904752605023398,0.26856628702098534,16.33255942988199,71.64605942293926,71.64605942293926,True
sin_bloqueo_15grados,70.0,2,45.33139022055825,1.5767440076715913,0.15161000073765302,29.172756327270942,67.58091590088718,67.58091590088718,True
sin_bloqueo_15grados,70.0,3,45.33572193486504,2.2438280109172646,3.716610875225894,26.109019086020872,86.32192144057171,86.32192144057171,True
sin_bloqueo_15grados,70.0,4,45.28807307749035,6.917747747943768,0.7060694320067841,16.320382382563775,77.73472242390181,77.73472242390181,True
sin_bloqueo_15grados,80.0,1,41.249499503468975,6.329997772546869,1.293607021430139,16.28030248402541,81.08077726673662,81.08077726673662,True
sin_bloqueo_15grados,80.0,2,41.36387329499786,3.028933513592521,0.15381302998712018,22.70662900541321,67.68739432276142,67.68739432276142,True
sin_bloqueo_15grados,80.0,3,41.32837798038545,3.6520734812326485,3.407550202791586,21.074176956710108,85.91062305027526,85.91062305027526,True
sin_bloqueo_15grados,80.0,4,41.28893874192721,6.3378856202385165,0.6586352822525403,16.277786419780234,77.32920441511006,77.32920441511006,True
sin_bloqueo_15grados,90.0,1,40.0171498989664,6.173549984413284,1.2545999968324395,16.23422366414265,80.91879728754088,80.91879728754088,True
sin_bloqueo_15grados,90.0,2,40.131899898676686,2.9796749924770434,0.16447499958474054,22.586416316689455,68.17954810689484,68.17954810689484,True
sin_bloqueo_15grados,90.0,3,40.08217489880223,3.553424991028464,3.3277499915982385,21.046082407560736,85.79788045340564,85.79788045340564,True
sin_bloqueo_15grados,90.0,4,40.04774989888915,6.162074984442256,0.6425999983775909,16.25702278305408,77.18433924199098,77.18433924199098,True
sin_bloqueo_30grados,10.0,1,0.761100888187635,1.1416513322814525,0.3805504440938175,-3.5218252406482864,73.95647664476863,73.95647664476863,True
sin_bloqueo_30grados,10.0,2,1.9027522204690877,0.761100888187635,0.1268501480312725,7.958799994340918,66.24958809176985,66.24958809176985,True
sin_bloqueo_30grados,10.0,3,1.1416513322814525,0.6342507401563625,0.6342507401563625,5.105449920009068,77.1072276948551,77.1072276948551,True
sin_bloqueo_30grados,10.0,4,0.8879510362189076,0.761100888187635,0.1268501480312725,1.338935673708228,66.24958809176985,66.24958809176985,True
sin_bloqueo_30grados,20.0,1,18.736250796394014,0.49047776953911026,0.3923822156312883,31.641264461234666,74.15315946282062,74.15315946282062,True
sin_bloqueo_30grados,20.0,2,18.638155242486192,0.7193673953240285,0.19619110781564414,28.269042188062716,69.45398827146263,69.45398827146263,True
sin_bloqueo_30grados,20.0,3,18.867044868271112,0.7520659132933025,0.2615881437541922,27.988958329274624,71.46622799474048,71.46622799474048,True
sin_bloqueo_30grados,20.0,4,18.376567098732,0.3923822156312883,0.1307940718770961,33.41109712228386,66.48016214269438,66.48016214269438,True
sin_bloqueo_30grados,30.0,1,71.54279981937181,25.382699935914847,0.33659999915016675,9.000562324120573,73.1579117492822,73.1579117492822,True
sin_bloqueo_30grados,30.0,2,71.61929981917866,0.7343999981458184,0.16829999957508338,39.781943442772985,68.34740055129234,68.34740055129234,True
sin_bloqueo_30grados,30.0,3,71.83349981863786,0.8414999978754168,0.5201999986866213,38.625454598388984,75.91713547352145,75.91713547352145,True
sin_bloqueo_30grados,30.0,4,71.51219981944907,25.30619993610799,0.07649999980685608,9.023064051579674,62.33581261378135,62.33581261378135,True
sin_bloqueo_30grados,40.0,1,80.7444214779578,16.58954405967672,0.3703023227606411,13.745561528029157,73.78025524018948,73.78025524018948,True
sin_bloqueo_30grados,40.0,2,80.80922438444091,0.7498622035902982,0.17589360331130452,40.64958448655095,68.668207643543,68.668207643543,True
sin_bloqueo_30grados,40.0,3,80.81848194250992,0.712831971314234,9.331618533568156,41.0904648332236,90.55435200530033,90.55435200530033,True
sin_bloqueo_30grados,40.0,4,80.64258833919861,16.367362666020338,0.07406046455212821,13.851715048757274,62.07890856482667,62.07890856482667,True
sin_bloqueo_30grados,50.0,1,60.93154761387403,11.797828538843817,0.33242500302819594,14.260802558977751,73.07578175097643,73.07578175097643,True
sin_bloqueo_30grados,50.0,2,60.957620163131146,0.7039588299420619,0.18250784479979384,38.749610553162405,68.93511185022953,68.93511185022953,True
sin_bloqueo_30grados,50.0,3,61.035837810902486,1.7924877614265469,6.622427511306805,30.642573548172386,89.00024309559016,89.00024309559016,True
sin_bloqueo_30grados,50.0,4,60.827257416845576,11.882564323929435,1.2905911882271135,14.183761211553596,81.06845353353737,81.06845353353737,True
sin_bloqueo_30grados,60.0,1,47.81759987927217,9.322799976462194,0.3059999992274243,14.200828122793315,72.52645599519289,72.52645599519289,True
sin_bloqueo_30grados,60.0,2,47.8226998792593,0.6731999983003334,0.20909999947207328,37.02979599215371,69.90702869785599,69.90702869785599,True
sin_bloqueo_30grados,60.0,3,47.888999879091905,1.4891999962401317,5.232599986788955,30.14565404578027,87.91887663464868,87.91887663464868,True
sin_bloqueo_30grados,60.0,4,47.72069987951682,9.511499975985773,1.030199997398995,14.009155844769356,79.8589708155022,79.8589708155022,True
sin_bloqueo_30grados,70.0,1,40.69645591229286,7.996344610334499,0.26856628702098534,14.13330172857515,71.64605942293926,71.64605942293926,True
sin_bloqueo_30grados,70.0,2,40.69645591229286,0.6367620030981428,0.1862637151919737,36.11158546085004,69.08183174415501,69.08183174415501,True
sin_bloqueo_30grados,70.0,3,40.74410476966756,1.3168411492641863,4.470329164607369,29.810626975527814,87.18824157911428,87.18824157911428,True
sin_bloqueo_30grados,70.0,4,40.592494768929896,8.212930325674003,0.9096600044259181,13.878952072497945,79.17336772206224,79.17336772206224,True
sin_bloqueo_30grados,80.0,1,37.09260376997091,7.623604793977008,0.25241112613271005,13.742538890509625,71.22111077136778,71.22111077136778,True
sin_bloqueo_30grados,80.0,2,37.08865984612508,0.6862427491733054,0.4062241561198302,34.655264661226965,74.3746399521489,74.3746399521489,True
sin_bloqueo_30grados,80.0,3,37.13204300842914,1.226560316051138,4.097736875810715,29.621197822296153,86.78129641408403,86.78129641408403,True
sin_bloqueo_30grados,80.0,4,37.00189352151696,7.540782393214712,0.8361118553146021,13.816150786290198,78.70118552919243,78.70118552919243,True
sin_bloqueo_30grados,90.0,1,35.98942490913543,7.412849981284352,0.40927499896667996,13.72379388899246,74.4222692105945,74.4222692105945,True
sin_bloqueo_30grados,90.0,2,35.981774909154744,1.1972249969772975,0.3939749990053087,29.558135229764734,74.1791066416744,74.1791066416744,True
sin_bloqueo_30grados,90.0,3,36.02384990904852,1.73272499562529,3.9856499899372007,26.3572092456905,86.65110894364035,86.65110894364035,True
sin_bloqueo_30grados,90.0,4,35.90909990933824,7.3248749815064675,0.8185499979333599,13.808086024522435,78.58128586039301,78.58128586039301,True
bloqueo_carrito_0grados,10.0,1,833.7860230095541,0.761100888187635,0.1268501480312725,60.79219811361057,66.24958809176985,66.24958809176985,True
bloqueo_carrito_0grados,10.0,2,833.7860230095541,0.253700296062545,0.0,70.33422730459532,-inf,70.33422730459532,False
bloqueo_carrito_0grados,10.0,3,833.5323227134917,0.6342507401563625,0.3805504440938175,62.3731579747476,73.95647664476863,73.95647664476863,True
bloqueo_carrito_0grados,10.0,4,833.9128731575854,0.50740059212509,0.0,64.31528275634784,-inf,64.31528275634784,False
bloqueo_carrito_0grados,20.0,1,348.5008045165225,0.49047776953911026,0.1634925898463701,57.03163923874284,68.13572519067318,68.13572519067318,True
bloqueo_carrito_0grados,20.0,2,348.6969956243382,0.2615881437541922,0.1307940718770961,62.496427583726266,66.48016214269438,66.48016214269438,True
bloqueo_carrito_0grados,20.0,3,348.66429710636885,0.3923822156312883,0.2615881437541922,58.9738852828465,71.46622799474048,71.46622799474048,True
bloqueo_carrito_0grados,20.0,4,348.5662015524611,0.45777925156983634,0.0,57.63252609378911,-inf,57.63252609378911,False
bloqueo_carrito_0grados,30.0,1,163.67939958674927,0.4283999989183941,0.1835999995364546,51.642860452318246,68.97812695350423,68.97812695350423,True
bloqueo_carrito_0grados,30.0,2,163.64879958682653,0.3977999989956516,0.15299999961371216,52.284925227519224,67.64829904205506,67.64829904205506,True
bloqueo_carrito_0grados,30.0,3,163.63349958686516,0.4130999989570228,0.21419999945919704,51.956307392156575,70.07728203092935,70.07728203092935,True
bloqueo_carrito_0grados,30.0,4,163.5569995870583,0.4436999988797653,0.015299999961371217,51.331565459838956,49.01989813903729,51.331565459838956,False
bloqueo_carrito_0grados,40.0,1,99.36137075474902,0.41659011310572125,0.29624185820851284,47.550152485940885,72.30950097623061,72.30950097623061,True
bloqueo_carrito_0grados,40.0,2,99.35211319668,0.333272090484577,0.1388633710352404,49.48753231557922,66.92867792813198,66.92867792813198,True
bloqueo_carrito_0grados,40.0,3,99.33359808054198,0.39807499696768917,0.1666360452422885,47.94260362486096,68.27491615970325,68.27491615970325,True
bloqueo_carrito_0grados,40.0,4,99.22250738371379,0.4721354615198174,0.05554534841409616,46.45085610974712,59.77149194820302,59.77149194820302,True
bloqueo_carrito_0grados,50.0,1,70.18078446283502,0.44975147468520627,0.2802799045139691,43.86490038771987,71.93610448409598,71.93610448409598,True
bloqueo_carrito_0grados,50.0,2,70.1547119135779,0.3650156895995877,0.11732647165701034,45.67488798691147,65.65830002608129,65.65830002608129,True
bloqueo_carrito_0grados,50.0,3,70.14819377626362,0.4041245134852578,0.1890259821140722,44.79001104549233,69.18760855005827,69.18760855005827,True
bloqueo_carrito_0grados,50.0,4,70.13515750163505,0.47582402394231965,0.09125392239989692,43.36977745385578,63.72175939202103,63.72175939202103,True
bloqueo_carrito_0grados,60.0,1,55.03409986105226,5.890499985127918,0.2906999992660531,19.409594105514753,72.18256130240539,72.18256130240539,True
bloqueo_carrito_0grados,60.0,2,54.98819986116815,5.762999985449825,0.12239999969096971,19.592417616962997,65.97965301169316,65.97965301169316,True
bloqueo_carrito_0grados,60.0,3,54.97289986120678,5.849699985230928,0.1988999994978258,19.46030101902837,69.5518240981184,69.5518240981184,True
bloqueo_carrito_0grados,60.0,4,55.09019986091062,5.890499985127918,0.09689999975535102,19.418443713599217,64.18865855410392,64.18865855410392,True
bloqueo_carrito_0grados,70.0,1,46.88647565669589,5.167735168000573,2.642345727141953,19.154946730950215,84.6888859870979,84.6888859870979,True
bloqueo_carrito_0grados,70.0,2,46.83449508501442,5.055110596024031,0.14294657212407286,19.336703549375155,67.14467350143981,67.14467350143981,True
bloqueo_carrito_0grados,70.0,3,46.76518765610577,5.146076596466623,2.5773700125401016,19.16892863696846,84.56779412630048,84.56779412630048,True
bloqueo_carrito_0grados,70.0,4,46.91246594253664,5.172066882307363,0.09962942905617199,19.152482529279084,64.40381106783833,64.40381106783833,True
bloqueo_carrito_0grados,80.0,1,42.72847094565282,5.024558979579259,2.433401012873158,18.592387999559016,84.28713163334947,84.28713163334947,True
bloqueo_carrito_0grados,80.0,2,42.66142424027382,4.712988995759195,0.4417194707322426,19.134778414633903,74.90444727865156,74.90444727865156,True
bloqueo_carrito_0grados,80.0,3,42.62198500181558,4.9575122742002575,2.3702982313399805,18.687397408619415,84.1583127252747,84.1583127252747,True
bloqueo_carrito_0grados,80.0,4,42.76791018411106,4.799755320367314,0.4062241561198302,18.997978542088944,74.3746399521489,74.3746399521489,True
bloqueo_carrito_0grados,90.0,1,41.440049895373924,4.880699987677417,2.3600249940415092,18.578763069991965,84.13698409912739,84.13698409912739,True
bloqueo_carrito_0grados,90.0,2,41.38267489551878,4.59764998839205,0.4322249989087367,19.085652987213912,74.76774853811975,74.76774853811975,True
bloqueo_carrito_0grados,90.0,3,41.33677489563467,4.8156749878415885,2.302649994186367,18.673588358289784,84.01595479575877,84.01595479575877,True
bloqueo_carrito_0grados,90.0,4,41.485949895258045,4.68179998817959,0.3939749990053087,18.949763572866615,74.1791066416744,74.1791066416744,True
bloqueo_carrito_15grados,10.0,1,228.3302664562905,0.761100888187635,0.253700296062545,49.54241148412702,71.25615981258028,71.25615981258028,True
bloqueo_carrito_15grados,10.0,2,228.3302664562905,0.6342507401563625,0.0,51.126030427411095,-inf,51.126030427411095,False
bloqueo_carrito_15grados,10.0,3,227.8228658641654,0.8879510362189076,0.3805504440938175,48.18415586354167,73.95647664476863,73.95647664476863,True
bloqueo_carrito_15grados,10.0,4,227.69601571613413,0.253700296062545,0.1268501480312725,59.06056726361192,66.24958809176985,66.24958809176985,True
bloqueo_carrito_15grados,20.0,1,234.28488124984835,0.5558748054776583,0.1634925898463701,52.49531931270293,68.13572519067318,68.13572519067318,True
bloqueo_carrito_15grados,20.0,2,234.12138866000197,0.7520659132933025,0.22888962578491817,49.86368943529023,70.5428468763173,70.5428468763173,True
bloqueo_carrito_15grados,20.0,3,234.05599162406347,0.7520659132933025,0.19619110781564414,49.8612628741858,69.45398827146263,69.45398827146263,True
bloqueo_carrito_15grados,20.0,4,233.8598005162478,0.4250807336005623,0.06539703593854805,54.8096384498524,61.08683127681692,61.08683127681692,True
bloqueo_carrito_15grados,30.0,1,157.8653996014282,0.45899999884113646,0.21419999945919704,50.729459496317695,70.07728203092935,70.07728203092935,True
bloqueo_carrito_15grados,30.0,2,157.5440996022394,0.5507999986093638,0.26009999934331063,49.128146293220595,71.42716027640519,71.42716027640519,True
bloqueo_carrito_15grados,30.0,3,157.66649960193038,0.6425999983775911,0.1988999994978258,47.7959609115011,69.5518240981184,69.5518240981184,True
bloqueo_carrito_15grados,30.0,4,157.37579960266433,0.3977999989956516,0.07649999980685608,51.94542910425123,62.33581261378135,62.33581261378135,True
bloqueo_carrito_15grados,40.0,1,96.11196787252439,5.017596473406687,0.21292383558736863,25.645634621579163,70.03511819169618,70.03511819169618,True
bloqueo_carrito_15grados,40.0,2,95.99161961762718,0.4721354615198174,0.19440871944933658,46.16331904317575,69.38877115280312,69.38877115280312,True
bloqueo_carrito_15grados,40.0,3,96.03790740797227,0.694316855176202,0.17589360331130452,42.817692685125806,68.668207643543,68.668207643543,True
bloqueo_carrito_15grados,40.0,4,95.75092310783278,4.971308683061606,0.09257558069016028,25.69344463915482,63.8338276650434,63.8338276650434,True
bloqueo_carrito_15grados,50.0,1,67.85380944163765,9.855423619188867,0.2542073552568557,16.75797873929014,71.26988913116467,71.26988913116467,True
bloqueo_carrito_15grados,50.0,2,67.8668457162662,0.4432333373709279,0.19554411942835054,43.70049292461516,69.43039345414473,69.43039345414473,True
bloqueo_carrito_15grados,50.0,3,67.85380944163765,0.6844044179992269,5.351390735022527,39.92522355495157,88.0225048315731,88.0225048315731,True
bloqueo_carrito_15grados,50.0,4,67.69737414609496,9.88801430576026,0.09777205971417527,16.70925472205458,64.2581142826853,64.2581142826853,True
bloqueo_carrito_15grados,60.0,1,53.20319986567484,7.8284999802349375,0.26009999934331063,16.64518393707443,71.42716027640519,71.42716027640519,True
bloqueo_carrito_15grados,60.0,2,53.21339986564909,0.48959999876387883,0.16829999957508335,40.723584237853984,68.34740055129234,68.34740055129234,True
bloqueo_carrito_15grados,60.0,3,53.17769986573922,0.8771999977852829,4.217699989351332,35.652616102959634,86.91648407357313,86.91648407357313,True
bloqueo_carrito_15grados,60.0,4,53.11139986590661,7.848899980183434,0.7649999980685608,16.60757903596404,78.19636246350612,78.19636246350612,True
bloqueo_carrito_15grados,70.0,1,45.30106822041073,6.7184888898314234,0.24257600118024483,16.576736753730223,70.94673790792997,70.94673790792997,True
bloqueo_carrito_15grados,70.0,2,45.292404791797146,1.4857780072289997,0.17760028657839352,29.68142835693761,68.73815331802975,68.73815331802975,True
bloqueo_carrito_15grados,70.0,3,45.257751077342824,2.1831840106222034,3.6213131604765123,26.332052205134097,86.19914600254813,86.19914600254813,True
bloqueo_carrito_15grados,70.0,4,45.192775362740974,6.935074605170929,0.6714157175524634,16.280357471759046,77.44174411091501,77.44174411091501,True
bloqueo_carrito_15grados,80.0,1,41.29682658961885,6.160409047176455,1.2659995545093738,16.52614255770944,80.9667223383916,80.9667223383916,True
bloqueo_carrito_15grados,80.0,2,41.273163046543914,2.938223265138578,0.16958872537041456,22.951659021145197,68.4029852221669,68.4029852221669,True
bloqueo_carrito_15grados,80.0,3,41.22583596039403,3.5810828520078237,3.316839954337643,21.223101916486264,85.78224024216627,85.78224024216627,True
bloqueo_carrito_15grados,80.0,4,41.18245279808997,6.349717391775987,0.6349717391775987,16.239156216045274,77.11393335041579,77.11393335041579,True
bloqueo_carrito_15grados,90.0,1,40.07069989883121,6.016724984809229,1.2316499968903825,16.469335298515407,80.82078767995876,80.82078767995876,True
bloqueo_carrito_15grados,90.0,2,40.040099898908466,2.899349992679845,0.17594999955576895,22.803889989743475,68.67053121677402,68.67053121677402,True
bloqueo_carrito_15grados,90.0,3,39.98654989904366,3.4998749911636646,3.2282999918493256,21.157227910920163,85.65321955266668,85.65321955266668,True
bloqueo_carrito_15grados,90.0,4,39.955949899120924,6.162074984442256,0.6196499984355341,16.237089579579802,76.96948300503634,76.96948300503634,True
bloqueo_carrito_30grados,10.0,1,0.8879510362189076,0.6342507401563625,0.253700296062545,2.9225605531781955,71.25615981258028,71.25615981258028,True
bloqueo_carrito_30grados,10.0,2,0.6342507401563625,0.761100888187635,0.1268501480312725,-1.5836250248075845,66.24958809176985,66.24958809176985,True
bloqueo_carrito_30grados,10.0,3,1.01480118425018,1.01480118425018,0.3805504440938175,-7.95810723505936e-08,73.95647664476863,73.95647664476863,True
bloqueo_carrito_30grados,10.0,4,1.01480118425018,0.50740059212509,0.0,6.020599662675615,-inf,6.020599662675615,False
bloqueo_carrito_30grados,20.0,1,18.343868580762724,0.4250807336005623,0.7847644312625766,32.70038654222374,78.34198098765737,78.34198098765737,True
bloqueo_carrito_30grados,20.0,2,18.638155242486192,0.8828599851703985,0.19619110781564414,26.490220954024956,69.45398827146263,69.45398827146263,True
bloqueo_carrito_30grados,20.0,3,18.60545672451692,0.9482570211089466,0.19619110781564414,25.854284609121404,69.45398827146263,69.45398827146263,True
bloqueo_carrito_30grados,20.0,4,18.376567098732,0.3269851796927402,0.032698517969274025,34.99472018627097,55.41747508738284,55.41747508738284,True
bloqueo_carrito_30grados,30.0,1,71.42039981968084,25.260299936223877,0.5966999984934773,9.027675476985298,76.74511009767562,76.74511009767562,True
bloqueo_carrito_30grados,30.0,2,71.51219981944907,0.7190999981844471,0.15299999961371216,39.95181217906459,67.64829904205506,67.64829904205506,True
bloqueo_carrito_30grados,30.0,3,71.71109981894688,0.8720999977981593,0.48959999876387894,38.300398661655606,75.54503409220209,75.54503409220209,True
bloqueo_carrito_30grados,30.0,4,71.35919981983535,25.229699936301134,0.07649999980685608,9.030757716895568,62.33581261378135,62.33581261378135,True
bloqueo_carrito_30grados,40.0,1,80.5222400843014,16.339589991813288,0.5276808099339135,13.853493859597394,76.00421065084355,76.00421065084355,True
bloqueo_carrito_30grados,40.0,2,80.68887612954369,0.666544180969154,0.2036662775183526,41.65968818323214,69.72033163811845,69.72033163811845,True
bloqueo_carrito_30grados,40.0,3,80.79996682637189,0.7683773197283302,9.313103417430122,40.436728136146854,90.54540967090247,90.54540967090247,True
bloqueo_carrito_30grados,40.0,4,80.5222400843014,16.321074875675254,0.05554534841409616,13.863341808061765,59.77149194820302,59.77149194820302,True
bloqueo_carrito_30grados,50.0,1,60.76859418101707,11.58924814478691,0.4171607881138145,14.392478533130397,74.54348098250682,74.54348098250682,True
bloqueo_carrito_30grados,50.0,2,60.951102025816866,0.6322593194850001,0.18250784479979384,39.68172113055721,68.93511185022953,68.93511185022953,True
bloqueo_carrito_30grados,50.0,3,60.89243878998836,1.8446328599407735,6.5768005501068565,30.373067911419838,88.96868307604973,88.96868307604973,True
bloqueo_carrito_30grados,50.0,4,60.72296721981713,11.869528049300879,1.2645186389700003,14.178390663562821,80.9605242764022,80.9605242764022,True
bloqueo_carrito_30grados,60.0,1,47.69009987959408,9.185099976809852,0.3671999990729092,14.306886860229998,73.72578364294735,73.72578364294735,True
bloqueo_carrito_30grados,60.0,2,47.83799987922067,0.5711999985578586,0.17849999954933085,38.45969117849314,68.7747206782322,68.7747206782322,True
bloqueo_carrito_30grados,60.0,3,47.77169987938806,1.5044999962015029,5.156099986982099,30.035569331605735,87.85081760427533,87.85081760427533,True
bloqueo_carrito_30grados,60.0,4,47.63909987972284,9.429899976191793,1.0199999974247476,14.069129196218785,79.80463019811695,79.80463019811695,True
bloqueo_carrito_30grados,70.0,1,40.54484591155521,7.8880517526647465,0.33354200162283665,14.219318031920672,73.09787244298093,73.09787244298093,True
bloqueo_carrito_30grados,70.0,2,40.70078762659965,0.5847814314166616,0.1602734293512332,36.85218060809342,67.9900176608935,67.9900176608935,True
bloqueo_carrito_30grados,70.0,3,40.65747048353175,1.3428314351049269,4.392358307085148,29.622376313721915,87.10614907896081,87.10614907896081,True
bloqueo_carrito_30grados,70.0,4,40.53185076863484,8.07431546785672,0.8836697185851776,14.01381440337126,79.01173376576375,79.01173376576375,True
bloqueo_carrito_30grados,80.0,1,36.9585103592129,7.528950621677242,0.31945783151171114,13.819600162526115,72.81282676452265,72.81282676452265,True
bloqueo_carrito_30grados,80.0,2,37.10443554150838,0.6468035107150695,0.38256061304488864,35.1730660838176,73.99039213220193,73.99039213220193,True
bloqueo_carrito_30grados,80.0,3,37.06105237920432,1.273887402201021,4.018858398894243,29.27573327124537,86.69008396411989,86.69008396411989,True
bloqueo_carrito_30grados,80.0,4,36.946678587675436,7.406688982456711,0.8163922360854841,13.959025854680629,78.56634828102545,78.56634828102545,True
bloqueo_carrito_30grados,90.0,1,35.863199909454124,7.3057499815547535,0.47047499881216476,13.819684600505438,75.29835217448779,75.29835217448779,True
bloqueo_carrito_30grados,90.0,2,36.00472490909681,1.1627999970642122,0.3710249990632519,29.817088548005522,73.79286771776324,73.79286771776324,True
bloqueo_carrito_30grados,90.0,3,35.951174909232,1.7747999955190608,3.901499990149659,26.131272965512732,86.55076996187748,86.55076996187748,True
bloqueo_carrito_30grados,90.0,4,35.84024990951207,7.202474981815498,0.7917749980009603,13.937785388676243,78.3926102924603,78.3926102924603,True
bloqueo_persona_0grados,10.0,1,0.0,0.50740059212509,0.1268501480312725,-inf,66.24958809176985,66.24958809176985,True
bloqueo_persona_0grados,10.0,2,834.2934236016793,0.0,0.0,110.22848450876646,-inf,110.22848450876646,False
bloqueo_persona_0grados,10.0,3,833.9128731575854,0.761100888187635,0.3805504440938175,60.793519455390935,73.95647664476863,73.95647664476863,True
bloqueo_persona_0grados,10.0,4,834.2934236016793,0.253700296062545,0.3805504440938175,70.33951122531977,73.95647664476863,73.95647664476863,True
bloqueo_persona_0grados,20.0,1,0.0,0.49047776953911026,0.22888962578491817,-inf,70.5428468763173,70.5428468763173,True
bloqueo_persona_0grados,20.0,2,348.5989000704303,0.06539703593854805,0.0,74.53255569356499,-inf,74.53255569356499,False
bloqueo_persona_0grados,20.0,3,348.5662015524611,0.4250807336005623,0.3923822156312883,58.27621061523089,74.15315946282062,74.15315946282062,True
bloqueo_persona_0grados,20.0,4,348.37001044464546,0.35968369766201425,0.19619110781564414,59.72230742976013,69.45398827146263,69.45398827146263,True
bloqueo_persona_0grados,30.0,1,0.0,0.3824999990342804,0.1988999994978258,-inf,69.5518240981184,69.5518240981184,True
bloqueo_persona_0grados,30.0,2,163.63349958686516,0.04589999988411365,0.030599999922742434,71.03851615815213,54.8648845918576,71.03851615815213,False
bloqueo_persona_0grados,30.0,3,163.67939958674927,0.4130999989570228,0.3059999992274243,51.95874347594354,72.52645599519289,72.52645599519289,True
bloqueo_persona_0grados,30.0,4,163.67939958674927,0.4436999988797653,0.21419999945919704,51.33806320548001,70.07728203092935,70.07728203092935,True
bloqueo_persona_0grados,40.0,1,0.0,0.4999081357268655,0.25921162593244873,-inf,71.40371489561606,71.40371489561606,True
bloqueo_persona_0grados,40.0,2,99.2873102901969,0.06480290648311218,0.1018331387591763,63.705169446118475,64.57286204404457,64.57286204404457,True
bloqueo_persona_0grados,40.0,3,99.34285563861098,0.4813930195888334,0.29624185820851284,46.29272217047975,72.30950097623061,72.30950097623061,True
bloqueo_persona_0grados,40.0,4,99.37988587088705,0.5276808099339135,0.18515116138032056,45.4985314892146,69.03872352891348,69.03872352891348,True
bloqueo_persona_0grados,50.0,1,0.0,0.482342161256598,0.24768921794257734,-inf,71.09094967222133,71.09094967222133,True
bloqueo_persona_0grados,50.0,2,70.12863936432079,0.07821764777134022,0.12384460897128867,59.05141693918381,66.06845788155537,66.06845788155537,True
bloqueo_persona_0grados,50.0,3,70.13515750163505,0.4953784358851547,0.2737617671996908,43.01996364141823,71.7764776282187,71.7764776282187,True
bloqueo_persona_0grados,50.0,4,70.20033887477784,0.5084147105137115,0.15643529554268043,42.80241256536526,67.81192265720885,67.81192265720885,True
bloqueo_persona_0grados,60.0,1,0.0,5.880299985153671,0.2396999993948157,-inf,70.8640774150273,70.8640774150273,True
bloqueo_persona_0grados,60.0,2,55.01879986109088,0.11729999970384598,0.11219999971672225,53.424123457434575,65.31758382259822,65.31758382259822,True
bloqueo_persona_0grados,60.0,3,55.039199861039386,5.864999985192299,0.2549999993561869,19.4480818650108,71.29128788241448,71.29128788241448,True
bloqueo_persona_0grados,60.0,4,55.03409986105226,5.890499985127918,0.14279999963946466,19.409594105514753,67.13704005866771,67.13704005866771,True
bloqueo_persona_0grados,70.0,1,0.0,5.1763985966141535,2.612023726994422,-inf,84.63278673158298,84.63278673158298,True
bloqueo_persona_0grados,70.0,2,46.89080737100269,0.1299514292037026,0.11262457197654224,51.14603660917463,65.34644886218395,65.34644886218395,True
bloqueo_persona_0grados,70.0,3,46.856153656548365,5.154740025080203,2.642345727141953,19.17119729858356,84.6888859870979,84.6888859870979,True
bloqueo_persona_0grados,70.0,4,46.847490227934784,5.180730310920943,0.14294657212407286,19.125906815391236,67.14467350143981,67.14467350143981,True
bloqueo_persona_0grados,80.0,1,0.0039439238458235945,5.052166446500025,2.409737469798216,-62.150982602178885,84.2392595916495,84.2392595916495,True
bloqueo_persona_0grados,80.0,2,42.71663917411536,0.1419812584496494,0.11437379152888423,49.567247441739255,65.46411737661579,65.46411737661579,True
bloqueo_persona_0grados,80.0,3,42.70086347873206,4.854970254208845,2.429457089027334,18.885001607112194,84.27918857756494,84.27918857756494,True
bloqueo_persona_0grados,80.0,4,42.677199935657114,4.831306711133903,0.4496073184238898,18.92262609628841,75.01542361835612,75.01542361835612,True
bloqueo_persona_0grados,90.0,1,0.0038249999903428025,4.903649987619474,2.337074994099453,-62.157760511176704,84.08896535887712,84.08896535887712,True
bloqueo_persona_0grados,90.0,2,41.43622489538359,0.15682499960405494,0.1262249996813125,48.439239121085016,66.2123087197431,66.2123087197431,True
bloqueo_persona_0grados,90.0,3,41.413274895441525,4.716224988092676,2.3600249940415092,18.87090113185739,84.13698409912739,84.13698409912739,True
bloqueo_persona_0grados,90.0,4,41.39414989548981,4.69327498815062,0.43987499888942233,18.90925926494141,74.87816195102266,74.87816195102266,True
bloqueo_persona_15grados,10.0,1,0.0,0.1268501480312725,0.253700296062545,-inf,71.25615981258028,71.25615981258028,True
bloqueo_persona_15grados,10.0,2,228.3302664562905,0.1268501480312725,0.0,65.10496151360435,-inf,65.10496151360435,False
bloqueo_persona_15grados,10.0,3,228.07656616022794,0.3805504440938175,0.1268501480312725,55.55331436322959,66.24958809176985,66.24958809176985,True
bloqueo_persona_15grados,10.0,4,228.3302664562905,0.3805504440938175,0.0,55.56297065715646,-inf,55.56297065715646,False
bloqueo_persona_15grados,20.0,1,0.0,0.5885733234469325,0.29428666172346624,-inf,72.26503285396093,72.26503285396093,True
bloqueo_persona_15grados,20.0,2,234.48107235766403,0.032698517969274025,0.06539703593854805,77.10405286635006,61.08683127681692,77.10405286635006,False
bloqueo_persona_15grados,20.0,3,234.31757976781765,0.5558748054776583,0.09809555390782207,52.49653149100135,64.28370688932175,64.28370688932175,True
bloqueo_persona_15grados,20.0,4,234.3502782857869,0.3269851796927402,0.0,57.10667255614997,-inf,57.10667255614997,False
bloqueo_persona_15grados,30.0,1,0.0,0.48959999876387894,0.4436999988797653,-inf,74.93252882375701,74.93252882375701,True
bloqueo_persona_15grados,30.0,2,157.63589960200764,0.10709999972959852,0.10709999972959852,63.35683961472694,64.9611363165321,64.9611363165321,True
bloqueo_persona_15grados,30.0,3,157.74299960173724,0.5354999986479926,0.1988999994978258,49.383793410246625,69.5518240981184,69.5518240981184,True
bloqueo_persona_15grados,30.0,4,157.52879960227804,0.4130999989570228,0.04589999988411365,51.62606352112605,58.21792237686752,58.21792237686752,True
bloqueo_persona_15grados,40.0,1,0.0,5.05462670568275,0.37955988082965714,-inf,73.93968682497248,73.93968682497248,True
bloqueo_persona_15grados,40.0,2,96.04716496604128,0.15737848717327246,0.14812092910425642,55.71064972183286,67.40867313276114,67.40867313276114,True
bloqueo_persona_15grados,40.0,3,96.03790740797227,0.5554534841409616,0.17589360331130452,44.75588906814944,68.668207643543,68.668207643543,True
bloqueo_persona_15grados,40.0,4,95.98236205955817,4.96205112499259,0.06480290648311218,25.73060383530532,61.01369481959031,61.01369481959031,True
bloqueo_persona_15grados,50.0,1,0.0,9.659879499760518,0.37153382691386605,-inf,73.80173081622065,73.80173081622065,True
bloqueo_persona_15grados,50.0,2,67.8994364028376,0.16947157017123712,0.14339902091412374,52.055304461737876,67.16818171980178,67.16818171980178,True
bloqueo_persona_15grados,50.0,3,67.82121875506625,0.5344872597708248,5.351390735022527,42.06855637867652,88.0225048315731,88.0225048315731,True
bloqueo_persona_15grados,50.0,4,67.8342550296948,9.822832932617477,0.08473578508561856,16.784246017159987,63.14189998688122,63.14189998688122,True
bloqueo_persona_15grados,60.0,1,0.0,7.634699980724236,0.3824999990342804,-inf,73.9893725024937,73.9893725024937,True
bloqueo_persona_15grados,60.0,2,53.305199865417315,0.18869999952357833,0.1478999996265884,49.01990157560385,67.3976137335167,67.3976137335167,True
bloqueo_persona_15grados,60.0,3,53.26949986550745,0.7241999981715708,4.258499989248322,37.33239843788333,86.96152920879473,86.96152920879473,True
bloqueo_persona_15grados,60.0,4,53.27459986549457,7.76219998040233,0.7700999980556845,16.730707346316677,78.23435351222669,78.23435351222669,True
bloqueo_persona_15grados,70.0,1,0.0,6.571210603400561,0.3378737159296268,-inf,73.18273212794836,73.18273212794836,True
bloqueo_persona_15grados,70.0,2,45.357380506399,0.17760028657839352,0.14727828643086294,48.14403606523639,67.36639199258147,67.36639199258147,True
bloqueo_persona_15grados,70.0,3,45.31839507763789,1.7889980087043058,3.6602985892376227,28.073292771130273,86.24978698796389,86.24978698796389,True
bloqueo_persona_15grados,70.0,4,45.322726791944675,6.7704694615129055,0.6670840032456733,16.513944906687488,77.4038831190769,77.4038831190769,True
bloqueo_persona_15grados,80.0,1,0.0039439238458235945,6.042091331801747,1.3567098029633164,-63.705175311956985,81.33138520434113,81.33138520434113,True
bloqueo_persona_15grados,80.0,2,41.3204901326938,0.17747657306206177,0.1419812584496494,47.340442944751885,67.09423837456696,67.09423837456696,True
bloqueo_persona_15grados,80.0,3,41.31260228500215,3.2261297058837,3.3444474212584083,22.148014411123782,85.82171038216758,85.82171038216758,True
bloqueo_persona_15grados,80.0,4,41.30471443731051,6.184072590251396,0.6113081961026572,16.494500860720123,76.88907037938947,76.88907037938947,True
bloqueo_persona_15grados,90.0,1,0.0038249999903428025,5.913449985069974,1.3157999966779244,-63.78418979780988,81.17047093070065,81.17047093070065,True
bloqueo_persona_15grados,90.0,2,40.078349898811894,0.18742499952679734,0.13769999965234092,46.60160654733674,66.86583537331425,66.86583537331425,True
bloqueo_persona_15grados,90.0,3,40.07069989883121,3.144149992061784,3.2550749917817257,22.106473292818233,85.69263552002695,85.69263552002695,True
bloqueo_persona_15grados,90.0,4,40.074524898821544,6.009074984828544,0.6043499984741628,16.481215133225263,76.82100695426212,76.82100695426212,True
bloqueo_persona_30grados,10.0,1,0.0,0.761100888187635,0.253700296062545,-inf,71.25615981258028,71.25615981258028,True
bloqueo_persona_30grados,10.0,2,1.01480118425018,0.0,0.0,79.77669202835943,-inf,79.77669202835943,False
bloqueo_persona_30grados,10.0,3,1.268501480312725,0.8879510362189076,0.253700296062545,3.0980390902440513,71.25615981258028,71.25615981258028,True
bloqueo_persona_30grados,10.0,4,1.7759020724378152,0.3805504440938175,0.0,13.380135023163804,-inf,13.380135023163804,False
bloqueo_persona_30grados,20.0,1,0.0,0.6212718414162064,0.49047776953911026,-inf,75.55608385062973,75.55608385062973,True
bloqueo_persona_30grados,20.0,2,18.67085376045547,0.09809555390782207,0.1307940718770961,45.590228780709275,66.48016214269438,66.48016214269438,True
bloqueo_persona_30grados,20.0,3,18.76894931436329,0.5885733234469325,0.3269851796927402,30.07278579055891,72.96694957610045,72.96694957610045,True
bloqueo_persona_30grados,20.0,4,18.93244190420966,0.2615881437541922,0.09809555390782207,37.19176171793595,64.28370688932175,64.28370688932175,True
bloqueo_persona_30grados,30.0,1,0.015299999961371217,23.592599940434418,0.4436999988797653,-63.76168747577809,74.93252882375701,74.93252882375701,True
bloqueo_persona_30grados,30.0,2,71.63459981914002,0.13769999965234095,0.1835999995364546,54.323647291745544,68.97812695350423,68.97812695350423,True
bloqueo_persona_30grados,30.0,3,71.58869981925592,0.6119999984548486,0.5201999986866213,41.36185442086205,75.91713547352145,75.91713547352145,True
bloqueo_persona_30grados,30.0,4,71.72639981890826,25.16849993645565,0.12239999969096974,9.096434009205531,65.97965301169316,65.97965301169316,True
bloqueo_persona_30grados,40.0,1,0.009257558069016026,15.432349301049717,0.42584767117473726,-64.43871199883931,74.67394072529365,74.67394072529365,True
bloqueo_persona_30grados,40.0,2,80.71664880375073,0.15737848717327246,0.15737848717327246,54.20024243526109,67.85614051877953,67.85614051877953,True
bloqueo_persona_30grados,40.0,3,80.7536790360268,0.5647110422099777,9.322360975499139,43.106711948954704,90.54988313391057,90.54988313391057,True
bloqueo_persona_30grados,40.0,4,80.7536790360268,16.274787085330175,0.07406046455212821,13.912940022127938,62.07890856482667,62.07890856482667,True
bloqueo_persona_30grados,50.0,1,0.006518137314278352,11.028688335758972,0.4236789254280929,-64.56800717727799,74.64166410042228,74.64166410042228,True
bloqueo_persona_30grados,50.0,2,60.96413830044542,0.1890259821140722,0.14339902091412374,50.170999578239176,67.16818171980178,67.16818171980178,True
bloqueo_persona_30grados,50.0,3,60.938065751188304,1.1732647165701031,6.60287309936397,34.30985153425936,88.98674531361023,88.98674531361023,True
bloqueo_persona_30grados,50.0,4,60.905475064616915,11.856491774672321,1.2645186389700003,14.214002596224605,80.9605242764022,80.9605242764022,True
bloqueo_persona_30grados,60.0,1,0.005099999987123739,8.782199977827077,0.3620999990857854,-64.72066294642596,73.63505810402788,73.63505810402788,True
bloqueo_persona_30grados,60.0,2,47.78189987936231,0.18869999952357833,0.1478999996265884,48.06978366340171,67.3976137335167,67.3976137335167,True
bloqueo_persona_30grados,60.0,3,47.81249987928505,0.974099997540634,5.181599986917718,33.81875640346691,87.87362179739708,87.87362179739708,True
bloqueo_persona_30grados,60.0,4,47.802299879310794,9.343199976410688,0.9944999974891289,14.179062931255086,79.66599240608902,79.66599240608902,True
bloqueo_persona_30grados,70.0,1,0.004331714306790087,7.5328511795079605,0.3248785730092565,-64.80599164483365,72.92423608103134,72.92423608103134,True
bloqueo_persona_30grados,70.0,2,40.640143626304585,0.22524914395308449,0.1256197148969125,45.12581378314762,66.17601784995442,66.17601784995442,True
bloqueo_persona_30grados,70.0,3,40.7224461981336,0.9183234330394984,4.409685164312307,32.93676212393201,87.12452513389644,87.12452513389644,True
bloqueo_persona_30grados,70.0,4,40.683460769372495,7.9876811817209195,0.8706745756648073,14.139943317315158,78.92883743351697,78.92883743351697,True
bloqueo_persona_30grados,80.0,1,0.0039439238458235945,7.193717094782237,0.31156998382006396,-65.22049668486316,72.64672271137795,72.64672271137795,True
bloqueo_persona_30grados,80.0,2,37.03738883612938,0.20902796382865052,0.11437379152888423,44.96868984771613,65.46411737661579,65.46411737661579,True
bloqueo_persona_30grados,80.0,3,37.10443554150838,0.8597753983895436,4.058297637352479,32.70081452131313,86.73592698462464,86.73592698462464,True
bloqueo_persona_30grados,80.0,4,37.08865984612508,7.3278105055402385,0.8124483122396604,14.085338187255408,78.53892665763223,78.53892665763223,True
bloqueo_persona_30grados,90.0,1,0.0038249999903428025,7.003574982317673,0.4628249988314792,-65.25376689119187,75.19636953135173,75.19636953135173,True
bloqueo_persona_30grados,90.0,2,35.947349909241666,0.20272499948816858,0.1109249997199413,44.97516089976405,65.23017162349757,65.23017162349757,True
bloqueo_persona_30grados,90.0,3,35.99324990912578,1.3846499965040946,3.9473999900337726,28.297620381619414,86.60578414514481,86.60578414514481,True
bloqueo_persona_30grados,90.0,4,35.981774909154744,7.125974982008642,0.7879499980106174,14.0647657531633,78.3650516496869,78.3650516496869,True
