Pitch_deg,Scenario,Seat_RX,Pr_own_LOS_mW,Pr_interf_LOS_mW,SINR_LOS_dB
0,sin_bloqueo,6,41.3635,4.9610,18.42
0,sin_bloqueo,7,41.4783,4.6971,18.92
0,sin_bloqueo,8,41.4286,4.9075,18.53
0,sin_bloqueo,9,41.4630,4.6397,19.02
0,bloqueo_persona,6,0.0038,4.9036,-62.16
0,bloqueo_persona,7,41.4362,0.1568,48.44
0,bloqueo_persona,8,41.4133,4.7162,18.87
0,bloqueo_persona,9,41.3941,4.6933,18.91
15,sin_bloqueo,6,40.0171,6.1735,16.23
15,sin_bloqueo,7,40.1319,2.9797,22.59
15,sin_bloqueo,8,40.0822,3.5534,21.05
15,sin_bloqueo,9,40.0477,6.1621,16.26
15,bloqueo_persona,6,0.0038,5.9134,-63.78
15,bloqueo_persona,7,40.0783,0.1874,46.60
15,bloqueo_persona,8,40.0707,3.1441,22.11
15,bloqueo_persona,9,40.0745,6.0091,16.48
30,sin_bloqueo,6,35.9894,7.4128,13.72
30,sin_bloqueo,7,35.9818,1.1972,29.56
30,sin_bloqueo,8,36.0238,1.7327,26.36
30,sin_bloqueo,9,35.9091,7.3249,13.81
30,bloqueo_persona,6,0.0038,7.0036,-65.25
30,bloqueo_persona,7,35.9473,0.2027,44.98
30,bloqueo_persona,8,35.9932,1.3846,28.30
30,bloqueo_persona,9,35.9818,7.1260,14.06
