scenario,eps_dB,min_hybrid_dB,below_th2
sin_bloqueo_0grados,-10,18.02301115826272,False
sin_bloqueo_0grados,-15,18.29311365682536,False
sin_bloqueo_0grados,-20,18.380305656687494,False
sin_bloqueo_0grados,-30,19.967873275516236,False
sin_bloqueo_0grados,-40,39.96634530468023,False
sin_bloqueo_15grados,-10,16.05947710690107,False
sin_bloqueo_15grados,-15,16.178582929503637,False
sin_bloqueo_15grados,-20,16.216589953946425,False
sin_bloqueo_15grados,-30,22.585936877751553,False
sin_bloqueo_15grados,-40,32.251085752842606,False
sin_bloqueo_30grados,-10,13.675969640459416,False
sin_bloqueo_30grados,-15,13.708642046108467,False
sin_bloqueo_30grados,-20,13.718999597377856,False
sin_bloqueo_30grados,-30,21.116784940402482,False
sin_bloqueo_30grados,-40,40.78572347319912,False
bloqueo_carrito_0grados,-10,18.168602022067404,False
bloqueo_carrito_0grados,-15,18.446952764837878,False
bloqueo_carrito_0grados,-20,18.536864335974087,False
bloqueo_carrito_0grados,-30,19.551336701216645,False
bloqueo_carrito_0grados,-40,39.54984820372551,False
bloqueo_carrito_15grados,-10,16.15018167716903,False
bloqueo_carrito_15grados,-15,16.20951276022176,False
bloqueo_carrito_15grados,-20,16.22835955416049,False
bloqueo_carrito_15grados,-30,22.80336289372167,False
bloqueo_carrito_15grados,-40,32.85673493541481,False
bloqueo_carrito_30grados,-10,13.763928626926333,False
bloqueo_carrito_30grados,-15,13.802014288582525,False
bloqueo_carrito_30grados,-20,13.814092869800565,False
bloqueo_carrito_30grados,-30,22.357727231221375,False
bloqueo_carrito_30grados,-40,40.25893871563447,False
bloqueo_persona_0grados,-10,18.446779710089537,False
bloqueo_persona_0grados,-15,18.734529936535726,False
bloqueo_persona_0grados,-20,18.82754485012621,False
bloqueo_persona_0grados,-30,20.527789435511682,False
bloqueo_persona_0grados,-40,40.52620325388067,False
bloqueo_persona_15grados,-10,16.39429499880176,False
bloqueo_persona_15grados,-15,16.45363441925088,False
bloqueo_persona_15grados,-20,16.472483873544725,False
bloqueo_persona_15grados,-30,23.56838146710934,False
bloqueo_persona_15grados,-40,43.566341137930124,False
bloqueo_persona_30grados,-10,13.969249216262076,False
bloqueo_persona_30grados,-15,14.034447059713544,False
bloqueo_persona_30grados,-20,14.055166693939805,False
bloqueo_persona_30grados,-30,26.80829022534501,False
bloqueo_persona_30grados,-40,44.97468565043726,False
