scenario,fov_deg,seat,n_rayos_DIFF,n_rayos_LOS,err_pct_DIFF,err_pct_LOS
sin_bloqueo_0grados,10.0,1,1.0,6576.0,100.0,1.2
sin_bloqueo_0grados,10.0,2,1.0,6581.0,100.0,1.2
sin_bloqueo_0grados,10.0,3,1.0,6571.0,100.0,1.2
sin_bloqueo_0grados,10.0,4,0.0,6574.0,inf,1.2
sin_bloqueo_0grados,20.0,1,3.0,10659.0,57.7,1.0
sin_bloqueo_0grados,20.0,2,2.0,10671.0,70.7,1.0
sin_bloqueo_0grados,20.0,3,8.0,10667.0,35.4,1.0
sin_bloqueo_0grados,20.0,4,1.0,10658.0,100.0,1.0
sin_bloqueo_0grados,30.0,1,15.0,10694.0,25.8,1.0
sin_bloqueo_0grados,30.0,2,8.0,10704.0,35.4,1.0
sin_bloqueo_0grados,30.0,3,15.0,10701.0,25.8,1.0
sin_bloqueo_0grados,30.0,4,10.0,10710.0,31.6,1.0
sin_bloqueo_0grados,40.0,1,22.0,10725.0,21.3,1.0
sin_bloqueo_0grados,40.0,2,14.0,10736.0,26.7,1.0
sin_bloqueo_0grados,40.0,3,23.0,10738.0,20.9,1.0
sin_bloqueo_0grados,40.0,4,12.0,10739.0,28.9,1.0
sin_bloqueo_0grados,50.0,1,33.0,10754.0,17.4,1.0
sin_bloqueo_0grados,50.0,2,18.0,10771.0,23.6,1.0
sin_bloqueo_0grados,50.0,3,30.0,10766.0,18.3,1.0
sin_bloqueo_0grados,50.0,4,15.0,10776.0,25.8,1.0
sin_bloqueo_0grados,60.0,1,47.0,10782.0,14.6,1.0
sin_bloqueo_0grados,60.0,2,25.0,10805.0,20.0,1.0
sin_bloqueo_0grados,60.0,3,38.0,10793.0,16.2,1.0
sin_bloqueo_0grados,60.0,4,24.0,10801.0,20.4,1.0
sin_bloqueo_0grados,70.0,1,602.0,10807.0,4.1,1.0
sin_bloqueo_0grados,70.0,2,37.0,10827.0,16.4,1.0
sin_bloqueo_0grados,70.0,3,599.0,10813.0,4.1,1.0
sin_bloqueo_0grados,70.0,4,29.0,10830.0,18.6,1.0
sin_bloqueo_0grados,80.0,1,606.0,10813.0,4.1,1.0
sin_bloqueo_0grados,80.0,2,116.0,10839.0,9.3,1.0
sin_bloqueo_0grados,80.0,3,602.0,10829.0,4.1,1.0
sin_bloqueo_0grados,80.0,4,108.0,10840.0,9.6,1.0
sin_bloqueo_0grados,90.0,1,608.0,10814.0,4.1,1.0
sin_bloqueo_0grados,90.0,2,117.0,10844.0,9.2,1.0
sin_bloqueo_0grados,90.0,3,602.0,10831.0,4.1,1.0
sin_bloqueo_0grados,90.0,4,108.0,10840.0,9.6,1.0
sin_bloqueo_15grados,10.0,1,3.0,1797.0,57.7,2.4
sin_bloqueo_15grados,10.0,2,0.0,1795.0,inf,2.4
sin_bloqueo_15grados,10.0,3,5.0,1803.0,44.7,2.4
sin_bloqueo_15grados,10.0,4,2.0,1800.0,70.7,2.4
sin_bloqueo_15grados,20.0,1,9.0,7161.0,33.3,1.2
sin_bloqueo_15grados,20.0,2,5.0,7154.0,44.7,1.2
sin_bloqueo_15grados,20.0,3,13.0,7171.0,27.7,1.2
sin_bloqueo_15grados,20.0,4,5.0,7165.0,44.7,1.2
sin_bloqueo_15grados,30.0,1,20.0,10297.0,22.4,1.0
sin_bloqueo_15grados,30.0,2,12.0,10300.0,28.9,1.0
sin_bloqueo_15grados,30.0,3,20.0,10314.0,22.4,1.0
sin_bloqueo_15grados,30.0,4,8.0,10306.0,35.4,1.0
sin_bloqueo_15grados,40.0,1,29.0,10362.0,18.6,1.0
sin_bloqueo_15grados,40.0,2,16.0,10371.0,25.0,1.0
sin_bloqueo_15grados,40.0,3,31.0,10389.0,18.0,1.0
sin_bloqueo_15grados,40.0,4,12.0,10367.0,28.9,1.0
sin_bloqueo_15grados,50.0,1,43.0,10391.0,15.2,1.0
sin_bloqueo_15grados,50.0,2,23.0,10417.0,20.9,1.0
sin_bloqueo_15grados,50.0,3,838.0,10422.0,3.5,1.0
sin_bloqueo_15grados,50.0,4,21.0,10405.0,21.8,1.0
sin_bloqueo_15grados,60.0,1,51.0,10423.0,14.0,1.0
sin_bloqueo_15grados,60.0,2,33.0,10449.0,17.4,1.0
sin_bloqueo_15grados,60.0,3,850.0,10449.0,3.4,1.0
sin_bloqueo_15grados,60.0,4,159.0,10432.0,7.9,1.0
sin_bloqueo_15grados,70.0,1,62.0,10450.0,12.7,1.0
sin_bloqueo_15grados,70.0,2,35.0,10465.0,16.9,1.0
sin_bloqueo_15grados,70.0,3,858.0,10466.0,3.4,1.0
sin_bloqueo_15grados,70.0,4,163.0,10455.0,7.8,1.0
sin_bloqueo_15grados,80.0,1,328.0,10459.0,5.5,1.0
sin_bloqueo_15grados,80.0,2,39.0,10488.0,16.0,1.0
sin_bloqueo_15grados,80.0,3,864.0,10479.0,3.4,1.0
sin_bloqueo_15grados,80.0,4,167.0,10469.0,7.7,1.0
sin_bloqueo_15grados,90.0,1,328.0,10462.0,5.5,1.0
sin_bloqueo_15grados,90.0,2,43.0,10492.0,15.2,1.0
sin_bloqueo_15grados,90.0,3,870.0,10479.0,3.4,1.0
sin_bloqueo_15grados,90.0,4,168.0,10470.0,7.7,1.0
sin_bloqueo_30grados,10.0,1,3.0,6.0,57.7,40.8
sin_bloqueo_30grados,10.0,2,1.0,15.0,100.0,25.8
sin_bloqueo_30grados,10.0,3,5.0,9.0,44.7,33.3
sin_bloqueo_30grados,10.0,4,1.0,7.0,100.0,37.8
sin_bloqueo_30grados,20.0,1,12.0,573.0,28.9,4.2
sin_bloqueo_30grados,20.0,2,6.0,570.0,40.8,4.2
sin_bloqueo_30grados,20.0,3,8.0,577.0,35.4,4.2
sin_bloqueo_30grados,20.0,4,4.0,562.0,50.0,4.2
sin_bloqueo_30grados,30.0,1,22.0,4676.0,21.3,1.5
sin_bloqueo_30grados,30.0,2,11.0,4681.0,30.2,1.5
sin_bloqueo_30grados,30.0,3,34.0,4695.0,17.1,1.5
sin_bloqueo_30grados,30.0,4,5.0,4674.0,44.7,1.5
sin_bloqueo_30grados,40.0,1,40.0,8722.0,15.8,1.1
sin_bloqueo_30grados,40.0,2,19.0,8729.0,22.9,1.1
sin_bloqueo_30grados,40.0,3,1008.0,8730.0,3.1,1.1
sin_bloqueo_30grados,40.0,4,8.0,8711.0,35.4,1.1
sin_bloqueo_30grados,50.0,1,51.0,9348.0,14.0,1.0
sin_bloqueo_30grados,50.0,2,28.0,9352.0,18.9,1.0
sin_bloqueo_30grados,50.0,3,1016.0,9364.0,3.1,1.0
sin_bloqueo_30grados,50.0,4,198.0,9332.0,7.1,1.0
sin_bloqueo_30grados,60.0,1,60.0,9376.0,12.9,1.0
sin_bloqueo_30grados,60.0,2,41.0,9377.0,15.6,1.0
sin_bloqueo_30grados,60.0,3,1026.0,9390.0,3.1,1.0
sin_bloqueo_30grados,60.0,4,202.0,9357.0,7.0,1.0
sin_bloqueo_30grados,70.0,1,62.0,9395.0,12.7,1.0
sin_bloqueo_30grados,70.0,2,43.0,9395.0,15.2,1.0
sin_bloqueo_30grados,70.0,3,1032.0,9406.0,3.1,1.0
sin_bloqueo_30grados,70.0,4,210.0,9371.0,6.9,1.0
sin_bloqueo_30grados,80.0,1,64.0,9405.0,12.5,1.0
sin_bloqueo_30grados,80.0,2,103.0,9404.0,9.9,1.0
sin_bloqueo_30grados,80.0,3,1039.0,9415.0,3.1,1.0
sin_bloqueo_30grados,80.0,4,212.0,9382.0,6.9,1.0
sin_bloqueo_30grados,90.0,1,107.0,9409.0,9.7,1.0
sin_bloqueo_30grados,90.0,2,103.0,9407.0,9.9,1.0
sin_bloqueo_30grados,90.0,3,1042.0,9418.0,3.1,1.0
sin_bloqueo_30grados,90.0,4,214.0,9388.0,6.8,1.0
bloqueo_carrito_0grados,10.0,1,1.0,6573.0,100.0,1.2
bloqueo_carrito_0grados,10.0,2,0.0,6573.0,inf,1.2
bloqueo_carrito_0grados,10.0,3,3.0,6571.0,57.7,1.2
bloqueo_carrito_0grados,10.0,4,0.0,6574.0,inf,1.2
bloqueo_carrito_0grados,20.0,1,5.0,10658.0,44.7,1.0
bloqueo_carrito_0grados,20.0,2,4.0,10664.0,50.0,1.0
bloqueo_carrito_0grados,20.0,3,8.0,10663.0,35.4,1.0
bloqueo_carrito_0grados,20.0,4,0.0,10660.0,inf,1.0
bloqueo_carrito_0grados,30.0,1,12.0,10698.0,28.9,1.0
bloqueo_carrito_0grados,30.0,2,10.0,10696.0,31.6,1.0
bloqueo_carrito_0grados,30.0,3,14.0,10695.0,26.7,1.0
bloqueo_carrito_0grados,30.0,4,1.0,10690.0,100.0,1.0
bloqueo_carrito_0grados,40.0,1,32.0,10733.0,17.7,1.0
bloqueo_carrito_0grados,40.0,2,15.0,10732.0,25.8,1.0
bloqueo_carrito_0grados,40.0,3,18.0,10730.0,23.6,1.0
bloqueo_carrito_0grados,40.0,4,6.0,10718.0,40.8,1.0
bloqueo_carrito_0grados,50.0,1,43.0,10767.0,15.2,1.0
bloqueo_carrito_0grados,50.0,2,18.0,10763.0,23.6,1.0
bloqueo_carrito_0grados,50.0,3,29.0,10762.0,18.6,1.0
bloqueo_carrito_0grados,50.0,4,14.0,10760.0,26.7,1.0
bloqueo_carrito_0grados,60.0,1,57.0,10791.0,13.2,1.0
bloqueo_carrito_0grados,60.0,2,24.0,10782.0,20.4,1.0
bloqueo_carrito_0grados,60.0,3,39.0,10779.0,16.0,1.0
bloqueo_carrito_0grados,60.0,4,19.0,10802.0,22.9,1.0
bloqueo_carrito_0grados,70.0,1,610.0,10824.0,4.0,1.0
bloqueo_carrito_0grados,70.0,2,33.0,10812.0,17.4,1.0
bloqueo_carrito_0grados,70.0,3,595.0,10796.0,4.1,1.0
bloqueo_carrito_0grados,70.0,4,23.0,10830.0,20.9,1.0
bloqueo_carrito_0grados,80.0,1,617.0,10834.0,4.0,1.0
bloqueo_carrito_0grados,80.0,2,112.0,10817.0,9.4,1.0
bloqueo_carrito_0grados,80.0,3,601.0,10807.0,4.1,1.0
bloqueo_carrito_0grados,80.0,4,103.0,10844.0,9.9,1.0
bloqueo_carrito_0grados,90.0,1,617.0,10834.0,4.0,1.0
bloqueo_carrito_0grados,90.0,2,113.0,10819.0,9.4,1.0
bloqueo_carrito_0grados,90.0,3,602.0,10807.0,4.1,1.0
bloqueo_carrito_0grados,90.0,4,103.0,10846.0,9.9,1.0
bloqueo_carrito_15grados,10.0,1,2.0,1800.0,70.7,2.4
bloqueo_carrito_15grados,10.0,2,0.0,1800.0,inf,2.4
bloqueo_carrito_15grados,10.0,3,3.0,1796.0,57.7,2.4
bloqueo_carrito_15grados,10.0,4,1.0,1795.0,100.0,2.4
bloqueo_carrito_15grados,20.0,1,5.0,7165.0,44.7,1.2
bloqueo_carrito_15grados,20.0,2,7.0,7160.0,37.8,1.2
bloqueo_carrito_15grados,20.0,3,6.0,7158.0,40.8,1.2
bloqueo_carrito_15grados,20.0,4,2.0,7152.0,70.7,1.2
bloqueo_carrito_15grados,30.0,1,14.0,10318.0,26.7,1.0
bloqueo_carrito_15grados,30.0,2,17.0,10297.0,24.3,1.0
bloqueo_carrito_15grados,30.0,3,13.0,10305.0,27.7,1.0
bloqueo_carrito_15grados,30.0,4,5.0,10286.0,44.7,1.0
bloqueo_carrito_15grados,40.0,1,23.0,10382.0,20.9,1.0
bloqueo_carrito_15grados,40.0,2,21.0,10369.0,21.8,1.0
bloqueo_carrito_15grados,40.0,3,19.0,10374.0,22.9,1.0
bloqueo_carrito_15grados,40.0,4,10.0,10343.0,31.6,1.0
bloqueo_carrito_15grados,50.0,1,39.0,10410.0,16.0,1.0
bloqueo_carrito_15grados,50.0,2,30.0,10412.0,18.3,1.0
bloqueo_carrito_15grados,50.0,3,821.0,10410.0,3.5,1.0
bloqueo_carrito_15grados,50.0,4,15.0,10386.0,25.8,1.0
bloqueo_carrito_15grados,60.0,1,51.0,10432.0,14.0,1.0
bloqueo_carrito_15grados,60.0,2,33.0,10434.0,17.4,1.0
bloqueo_carrito_15grados,60.0,3,827.0,10427.0,3.5,1.0
bloqueo_carrito_15grados,60.0,4,150.0,10414.0,8.2,1.0
bloqueo_carrito_15grados,70.0,1,56.0,10458.0,13.4,1.0
bloqueo_carrito_15grados,70.0,2,41.0,10456.0,15.6,1.0
bloqueo_carrito_15grados,70.0,3,836.0,10448.0,3.5,1.0
bloqueo_carrito_15grados,70.0,4,155.0,10433.0,8.0,1.0
bloqueo_carrito_15grados,80.0,1,321.0,10471.0,5.6,1.0
bloqueo_carrito_15grados,80.0,2,43.0,10465.0,15.2,1.0
bloqueo_carrito_15grados,80.0,3,841.0,10453.0,3.4,1.0
bloqueo_carrito_15grados,80.0,4,161.0,10442.0,7.9,1.0
bloqueo_carrito_15grados,90.0,1,322.0,10476.0,5.6,1.0
bloqueo_carrito_15grados,90.0,2,46.0,10468.0,14.7,1.0
bloqueo_carrito_15grados,90.0,3,844.0,10454.0,3.4,1.0
bloqueo_carrito_15grados,90.0,4,162.0,10446.0,7.9,1.0
bloqueo_carrito_30grados,10.0,1,2.0,7.0,70.7,37.8
bloqueo_carrito_30grados,10.0,2,1.0,5.0,100.0,44.7
bloqueo_carrito_30grados,10.0,3,3.0,8.0,57.7,35.4
bloqueo_carrito_30grados,10.0,4,0.0,8.0,inf,35.4
bloqueo_carrito_30grados,20.0,1,24.0,561.0,20.4,4.2
bloqueo_carrito_30grados,20.0,2,6.0,570.0,40.8,4.2
bloqueo_carrito_30grados,20.0,3,6.0,569.0,40.8,4.2
bloqueo_carrito_30grados,20.0,4,1.0,562.0,100.0,4.2
bloqueo_carrito_30grados,30.0,1,39.0,4668.0,16.0,1.5
bloqueo_carrito_30grados,30.0,2,10.0,4674.0,31.6,1.5
bloqueo_carrito_30grados,30.0,3,32.0,4687.0,17.7,1.5
bloqueo_carrito_30grados,30.0,4,5.0,4664.0,44.7,1.5
bloqueo_carrito_30grados,40.0,1,57.0,8698.0,13.2,1.1
bloqueo_carrito_30grados,40.0,2,22.0,8716.0,21.3,1.1
bloqueo_carrito_30grados,40.0,3,1006.0,8728.0,3.2,1.1
bloqueo_carrito_30grados,40.0,4,6.0,8698.0,40.8,1.1
bloqueo_carrito_30grados,50.0,1,64.0,9323.0,12.5,1.0
bloqueo_carrito_30grados,50.0,2,28.0,9351.0,18.9,1.0
bloqueo_carrito_30grados,50.0,3,1009.0,9342.0,3.1,1.0
bloqueo_carrito_30grados,50.0,4,194.0,9316.0,7.2,1.0
bloqueo_carrito_30grados,60.0,1,72.0,9351.0,11.8,1.0
bloqueo_carrito_30grados,60.0,2,35.0,9380.0,16.9,1.0
bloqueo_carrito_30grados,60.0,3,1011.0,9367.0,3.1,1.0
bloqueo_carrito_30grados,60.0,4,200.0,9341.0,7.1,1.0
bloqueo_carrito_30grados,70.0,1,77.0,9360.0,11.4,1.0
bloqueo_carrito_30grados,70.0,2,37.0,9396.0,16.4,1.0
bloqueo_carrito_30grados,70.0,3,1014.0,9386.0,3.1,1.0
bloqueo_carrito_30grados,70.0,4,204.0,9357.0,7.0,1.0
bloqueo_carrito_30grados,80.0,1,81.0,9371.0,11.1,1.0
bloqueo_carrito_30grados,80.0,2,97.0,9408.0,10.2,1.0
bloqueo_carrito_30grados,80.0,3,1019.0,9397.0,3.1,1.0
bloqueo_carrito_30grados,80.0,4,207.0,9368.0,7.0,1.0
bloqueo_carrito_30grados,90.0,1,123.0,9376.0,9.0,1.0
bloqueo_carrito_30grados,90.0,2,97.0,9413.0,10.2,1.0
bloqueo_carrito_30grados,90.0,3,1020.0,9399.0,3.1,1.0
bloqueo_carrito_30grados,90.0,4,207.0,9370.0,7.0,1.0
bloqueo_persona_0grados,10.0,1,1.0,0.0,100.0,inf
bloqueo_persona_0grados,10.0,2,0.0,6577.0,inf,1.2
bloqueo_persona_0grados,10.0,3,3.0,6574.0,57.7,1.2
bloqueo_persona_0grados,10.0,4,3.0,6577.0,57.7,1.2
bloqueo_persona_0grados,20.0,1,7.0,0.0,37.8,inf
bloqueo_persona_0grados,20.0,2,0.0,10661.0,inf,1.0
bloqueo_persona_0grados,20.0,3,12.0,10660.0,28.9,1.0
bloqueo_persona_0grados,20.0,4,6.0,10654.0,40.8,1.0
bloqueo_persona_0grados,30.0,1,13.0,0.0,27.7,inf
bloqueo_persona_0grados,30.0,2,2.0,10695.0,70.7,1.0
bloqueo_persona_0grados,30.0,3,20.0,10698.0,22.4,1.0
bloqueo_persona_0grados,30.0,4,14.0,10698.0,26.7,1.0
bloqueo_persona_0grados,40.0,1,28.0,0.0,18.9,inf
bloqueo_persona_0grados,40.0,2,11.0,10725.0,30.2,1.0
bloqueo_persona_0grados,40.0,3,32.0,10731.0,17.7,1.0
bloqueo_persona_0grados,40.0,4,20.0,10735.0,22.4,1.0
bloqueo_persona_0grados,50.0,1,38.0,0.0,16.2,inf
bloqueo_persona_0grados,50.0,2,19.0,10759.0,22.9,1.0
bloqueo_persona_0grados,50.0,3,42.0,10760.0,15.4,1.0
bloqueo_persona_0grados,50.0,4,24.0,10770.0,20.4,1.0
bloqueo_persona_0grados,60.0,1,47.0,0.0,14.6,inf
bloqueo_persona_0grados,60.0,2,22.0,10788.0,21.3,1.0
bloqueo_persona_0grados,60.0,3,50.0,10792.0,14.1,1.0
bloqueo_persona_0grados,60.0,4,28.0,10791.0,18.9,1.0
bloqueo_persona_0grados,70.0,1,603.0,0.0,4.1,inf
bloqueo_persona_0grados,70.0,2,26.0,10825.0,19.6,1.0
bloqueo_persona_0grados,70.0,3,610.0,10817.0,4.0,1.0
bloqueo_persona_0grados,70.0,4,33.0,10815.0,17.4,1.0
bloqueo_persona_0grados,80.0,1,611.0,1.0,4.0,100.0
bloqueo_persona_0grados,80.0,2,29.0,10831.0,18.6,1.0
bloqueo_persona_0grados,80.0,3,616.0,10827.0,4.0,1.0
bloqueo_persona_0grados,80.0,4,114.0,10821.0,9.4,1.0
bloqueo_persona_0grados,90.0,1,611.0,1.0,4.0,100.0
bloqueo_persona_0grados,90.0,2,33.0,10833.0,17.4,1.0
bloqueo_persona_0grados,90.0,3,617.0,10827.0,4.0,1.0
bloqueo_persona_0grados,90.0,4,115.0,10822.0,9.3,1.0
bloqueo_persona_15grados,10.0,1,2.0,0.0,70.7,inf
bloqueo_persona_15grados,10.0,2,0.0,1800.0,inf,2.4
bloqueo_persona_15grados,10.0,3,1.0,1798.0,100.0,2.4
bloqueo_persona_15grados,10.0,4,0.0,1800.0,inf,2.4
bloqueo_persona_15grados,20.0,1,9.0,0.0,33.3,inf
bloqueo_persona_15grados,20.0,2,2.0,7171.0,70.7,1.2
bloqueo_persona_15grados,20.0,3,3.0,7166.0,57.7,1.2
bloqueo_persona_15grados,20.0,4,0.0,7167.0,inf,1.2
bloqueo_persona_15grados,30.0,1,29.0,0.0,18.6,inf
bloqueo_persona_15grados,30.0,2,7.0,10303.0,37.8,1.0
bloqueo_persona_15grados,30.0,3,13.0,10310.0,27.7,1.0
bloqueo_persona_15grados,30.0,4,3.0,10296.0,57.7,1.0
bloqueo_persona_15grados,40.0,1,41.0,0.0,15.6,inf
bloqueo_persona_15grados,40.0,2,16.0,10375.0,25.0,1.0
bloqueo_persona_15grados,40.0,3,19.0,10374.0,22.9,1.0
bloqueo_persona_15grados,40.0,4,7.0,10368.0,37.8,1.0
bloqueo_persona_15grados,50.0,1,57.0,0.0,13.2,inf
bloqueo_persona_15grados,50.0,2,22.0,10417.0,21.3,1.0
bloqueo_persona_15grados,50.0,3,821.0,10405.0,3.5,1.0
bloqueo_persona_15grados,50.0,4,13.0,10407.0,27.7,1.0
bloqueo_persona_15grados,60.0,1,75.0,0.0,11.5,inf
bloqueo_persona_15grados,60.0,2,29.0,10452.0,18.6,1.0
bloqueo_persona_15grados,60.0,3,835.0,10445.0,3.5,1.0
bloqueo_persona_15grados,60.0,4,151.0,10446.0,8.1,1.0
bloqueo_persona_15grados,70.0,1,78.0,0.0,11.3,inf
bloqueo_persona_15grados,70.0,2,34.0,10471.0,17.1,1.0
bloqueo_persona_15grados,70.0,3,845.0,10462.0,3.4,1.0
bloqueo_persona_15grados,70.0,4,154.0,10463.0,8.1,1.0
bloqueo_persona_15grados,80.0,1,344.0,1.0,5.4,100.0
bloqueo_persona_15grados,80.0,2,36.0,10477.0,16.7,1.0
bloqueo_persona_15grados,80.0,3,848.0,10475.0,3.4,1.0
bloqueo_persona_15grados,80.0,4,155.0,10473.0,8.0,1.0
bloqueo_persona_15grados,90.0,1,344.0,1.0,5.4,100.0
bloqueo_persona_15grados,90.0,2,36.0,10478.0,16.7,1.0
bloqueo_persona_15grados,90.0,3,851.0,10476.0,3.4,1.0
bloqueo_persona_15grados,90.0,4,158.0,10477.0,8.0,1.0
bloqueo_persona_30grados,10.0,1,2.0,0.0,70.7,inf
bloqueo_persona_30grados,10.0,2,0.0,8.0,inf,35.4
bloqueo_persona_30grados,10.0,3,2.0,10.0,70.7,31.6
bloqueo_persona_30grados,10.0,4,0.0,14.0,inf,26.7
bloqueo_persona_30grados,20.0,1,15.0,0.0,25.8,inf
bloqueo_persona_30grados,20.0,2,4.0,571.0,50.0,4.2
bloqueo_persona_30grados,20.0,3,10.0,574.0,31.6,4.2
bloqueo_persona_30grados,20.0,4,3.0,579.0,57.7,4.2
bloqueo_persona_30grados,30.0,1,29.0,1.0,18.6,100.0
bloqueo_persona_30grados,30.0,2,12.0,4682.0,28.9,1.5
bloqueo_persona_30grados,30.0,3,34.0,4679.0,17.1,1.5
bloqueo_persona_30grados,30.0,4,8.0,4688.0,35.4,1.5
bloqueo_persona_30grados,40.0,1,46.0,1.0,14.7,100.0
bloqueo_persona_30grados,40.0,2,17.0,8719.0,24.3,1.1
bloqueo_persona_30grados,40.0,3,1007.0,8723.0,3.2,1.1
bloqueo_persona_30grados,40.0,4,8.0,8723.0,35.4,1.1
bloqueo_persona_30grados,50.0,1,65.0,1.0,12.4,100.0
bloqueo_persona_30grados,50.0,2,22.0,9353.0,21.3,1.0
bloqueo_persona_30grados,50.0,3,1013.0,9349.0,3.1,1.0
bloqueo_persona_30grados,50.0,4,194.0,9344.0,7.2,1.0
bloqueo_persona_30grados,60.0,1,71.0,1.0,11.9,100.0
bloqueo_persona_30grados,60.0,2,29.0,9369.0,18.6,1.0
bloqueo_persona_30grados,60.0,3,1016.0,9375.0,3.1,1.0
bloqueo_persona_30grados,60.0,4,195.0,9373.0,7.2,1.0
bloqueo_persona_30grados,70.0,1,75.0,1.0,11.5,100.0
bloqueo_persona_30grados,70.0,2,29.0,9382.0,18.6,1.0
bloqueo_persona_30grados,70.0,3,1018.0,9401.0,3.1,1.0
bloqueo_persona_30grados,70.0,4,201.0,9392.0,7.1,1.0
bloqueo_persona_30grados,80.0,1,79.0,1.0,11.3,100.0
bloqueo_persona_30grados,80.0,2,29.0,9391.0,18.6,1.0
bloqueo_persona_30grados,80.0,3,1029.0,9408.0,3.1,1.0
bloqueo_persona_30grados,80.0,4,206.0,9404.0,7.0,1.0
bloqueo_persona_30grados,90.0,1,121.0,1.0,9.1,100.0
bloqueo_persona_30grados,90.0,2,29.0,9398.0,18.6,1.0
bloqueo_persona_30grados,90.0,3,1032.0,9410.0,3.1,1.0
bloqueo_persona_30grados,90.0,4,206.0,9407.0,7.0,1.0
