scenario,fov_deg,seat,rx_object_id,Pr_own_LOS_mW,Pr_interf_LOS_mW,Pr_DIFF_mW,Pr_interf_DIFF_mW,SINR_LOS_dB,SINR_DIFF_dB,SINR_hybrid_dB,channel_used,n_rays_eq,exponent_d,sigma_dB_1sigma
sin_bloqueo_0grados,10.0,1,6,834.1666,0.5074,0.1269,0.0000,64.32,66.25,66.25,DIFF,1.0,1.737,7.544
sin_bloqueo_0grados,10.0,2,7,834.8008,0.5074,0.1269,0.0000,64.32,66.25,66.25,DIFF,1.0,1.737,7.544
sin_bloqueo_0grados,10.0,3,8,833.5323,0.5074,0.1269,0.0000,64.31,66.25,66.25,DIFF,1.0,1.737,7.544
sin_bloqueo_0grados,10.0,4,9,833.9129,0.3806,0.0000,0.0000,66.81,-inf,66.81,LOS,6574.0,2.000,0.107
sin_bloqueo_0grados,20.0,1,6,348.5335,0.4905,0.0981,0.0000,57.03,64.28,64.28,DIFF,3.0,1.784,4.473
sin_bloqueo_0grados,20.0,2,7,348.9259,0.5232,0.0654,0.0000,56.48,61.09,61.09,DIFF,2.0,1.845,5.665
sin_bloqueo_0grados,20.0,3,8,348.7951,0.5886,0.2616,0.0000,55.46,71.47,71.47,DIFF,8.0,1.576,2.420
sin_bloqueo_0grados,20.0,4,9,348.5008,0.3270,0.0327,0.0000,60.55,55.42,60.55,LOS,10658.0,2.000,0.084
sin_bloqueo_0grados,30.0,1,6,163.6182,0.4437,0.2295,0.0000,51.33,70.56,70.56,DIFF,15.0,1.608,1.803
sin_bloqueo_0grados,30.0,2,7,163.7712,0.4743,0.1224,0.0000,50.76,65.98,65.98,DIFF,8.0,1.744,2.678
sin_bloqueo_0grados,30.0,3,8,163.7253,0.5508,0.2295,0.0000,49.46,70.56,70.56,DIFF,15.0,1.608,1.803
sin_bloqueo_0grados,30.0,4,9,163.8630,0.3213,0.1530,0.0000,54.15,67.65,67.65,DIFF,10.0,1.699,2.333
sin_bloqueo_0grados,40.0,1,6,99.2873,0.5925,0.2037,0.0000,44.48,69.72,69.72,DIFF,22.0,1.636,1.515
sin_bloqueo_0grados,40.0,2,7,99.3891,0.5277,0.1296,0.0000,45.50,66.41,66.41,DIFF,14.0,1.733,2.011
sin_bloqueo_0grados,40.0,3,8,99.4077,0.4629,0.2129,0.0000,46.64,70.04,70.04,DIFF,23.0,1.625,1.472
sin_bloqueo_0grados,40.0,4,9,99.4169,0.4166,0.1111,0.0000,47.56,65.24,65.24,DIFF,12.0,1.762,2.209
sin_bloqueo_0grados,50.0,1,6,70.0960,0.5606,0.2151,0.0000,41.94,70.11,70.11,DIFF,33.0,1.623,1.227
sin_bloqueo_0grados,50.0,2,7,70.2069,0.4823,0.1173,0.0000,43.26,65.66,65.66,DIFF,18.0,1.752,1.793
sin_bloqueo_0grados,50.0,3,8,70.1743,0.4563,0.1955,0.0000,43.74,69.43,69.43,DIFF,30.0,1.645,1.304
sin_bloqueo_0grados,50.0,4,9,70.2394,0.4302,0.0978,0.0000,44.26,64.26,64.26,DIFF,15.0,1.784,2.001
sin_bloqueo_0grados,60.0,1,6,54.9882,6.0129,0.2397,0.0000,19.22,70.86,70.86,DIFF,47.0,1.597,1.012
sin_bloqueo_0grados,60.0,2,7,55.1055,5.8854,0.1275,0.0000,19.43,66.29,66.29,DIFF,25.0,1.736,1.508
sin_bloqueo_0grados,60.0,3,8,55.0443,5.9109,0.1938,0.0000,19.38,69.37,69.37,DIFF,38.0,1.647,1.160
sin_bloqueo_0grados,60.0,4,9,55.0851,5.8599,0.1224,0.0000,19.46,65.98,65.98,DIFF,24.0,1.744,1.546
sin_bloqueo_0grados,70.0,1,6,46.8128,5.2934,2.6077,0.0000,18.93,84.62,84.62,DIFF,602.0,1.120,0.198
sin_bloqueo_0grados,70.0,2,7,46.8995,5.1547,0.1603,0.0000,19.18,67.99,67.99,DIFF,37.0,1.689,1.206
sin_bloqueo_0grados,70.0,3,8,46.8388,5.2197,2.5947,0.0000,19.06,84.60,84.60,DIFF,599.0,1.120,0.199
sin_bloqueo_0grados,70.0,4,9,46.9125,5.1114,0.1256,0.0000,19.25,66.18,66.18,DIFF,29.0,1.739,1.402
sin_bloqueo_0grados,80.0,1,6,42.6456,5.1034,2.3900,0.0000,18.44,84.20,84.20,DIFF,606.0,1.129,0.199
sin_bloqueo_0grados,80.0,2,7,42.7482,4.8076,0.4575,0.0000,18.98,75.12,75.12,DIFF,116.0,1.437,0.580
sin_bloqueo_0grados,80.0,3,8,42.7088,5.0482,2.3742,0.0000,18.55,84.17,84.17,DIFF,602.0,1.130,0.200
sin_bloqueo_0grados,80.0,4,9,42.7521,4.7603,0.4259,0.0000,19.07,74.68,74.68,DIFF,108.0,1.455,0.608
sin_bloqueo_0grados,90.0,1,6,41.3635,4.9610,2.3256,0.0000,18.42,84.06,84.06,DIFF,608.0,1.133,0.199
sin_bloqueo_0grados,90.0,2,7,41.4783,4.6971,0.4475,0.0000,18.92,74.99,74.99,DIFF,117.0,1.443,0.579
sin_bloqueo_0grados,90.0,3,8,41.4286,4.9075,2.3026,0.0000,18.53,84.02,84.02,DIFF,602.0,1.134,0.201
sin_bloqueo_0grados,90.0,4,9,41.4630,4.6397,0.4131,0.0000,19.02,74.48,74.48,DIFF,108.0,1.463,0.611
sin_bloqueo_15grados,10.0,1,6,227.9497,0.7611,0.3806,0.0000,49.53,73.96,73.96,DIFF,3.0,1.483,3.718
sin_bloqueo_15grados,10.0,2,7,227.6960,0.3806,0.0000,0.0000,55.54,-inf,55.54,LOS,1795.0,2.000,0.205
sin_bloqueo_15grados,10.0,3,8,228.7108,0.6343,0.6343,0.0000,51.14,77.11,77.11,DIFF,5.0,1.359,2.640
sin_bloqueo_15grados,10.0,4,9,228.3303,0.2537,0.2537,0.0000,59.08,71.26,71.26,DIFF,2.0,1.584,4.863
sin_bloqueo_15grados,20.0,1,6,234.1541,0.9156,0.2943,0.0000,48.16,72.27,72.27,DIFF,9.0,1.547,2.240
sin_bloqueo_15grados,20.0,2,7,233.9252,0.6213,0.1635,0.0000,51.52,68.14,68.14,DIFF,5.0,1.685,3.273
sin_bloqueo_15grados,20.0,3,8,234.4811,0.7194,0.4251,0.0000,50.26,74.66,74.66,DIFF,13.0,1.455,1.753
sin_bloqueo_15grados,20.0,4,9,234.2849,0.4578,0.1635,0.0000,54.18,68.14,68.14,DIFF,5.0,1.685,3.273
sin_bloqueo_15grados,30.0,1,6,157.5441,0.8109,0.3060,0.0000,45.77,72.53,72.53,DIFF,20.0,1.537,1.493
sin_bloqueo_15grados,30.0,2,7,157.5900,0.6732,0.1836,0.0000,47.39,68.98,68.98,DIFF,12.0,1.659,2.080
sin_bloqueo_15grados,30.0,3,8,157.8042,0.8109,0.3060,0.0000,45.78,72.53,72.53,DIFF,20.0,1.537,1.493
sin_bloqueo_15grados,30.0,4,9,157.6818,0.3366,0.1224,0.0000,53.41,65.98,65.98,DIFF,8.0,1.744,2.678
sin_bloqueo_15grados,40.0,1,6,95.9268,5.3138,0.2685,0.0000,25.13,71.64,71.64,DIFF,29.0,1.570,1.266
sin_bloqueo_15grados,40.0,2,7,96.0101,0.6017,0.1481,0.0000,44.06,67.41,67.41,DIFF,16.0,1.706,1.852
sin_bloqueo_15grados,40.0,3,8,96.1768,0.6388,0.2870,0.0000,43.55,72.10,72.10,DIFF,31.0,1.553,1.212
sin_bloqueo_15grados,40.0,4,9,95.9731,4.9713,0.1111,0.0000,25.71,65.24,65.24,DIFF,12.0,1.762,2.209
sin_bloqueo_15grados,50.0,1,6,67.7300,10.1161,0.2803,0.0000,16.52,71.94,71.94,DIFF,43.0,1.559,1.033
sin_bloqueo_15grados,50.0,2,7,67.8994,0.5932,0.1499,0.0000,41.17,67.50,67.50,DIFF,23.0,1.703,1.543
sin_bloqueo_15grados,50.0,3,8,67.9320,0.6518,5.4622,0.0000,40.36,88.12,88.12,DIFF,838.0,1.061,0.159
sin_bloqueo_15grados,50.0,4,9,67.8212,9.8554,0.1369,0.0000,16.75,66.82,66.82,DIFF,21.0,1.722,1.632
sin_bloqueo_15grados,60.0,1,6,53.1573,8.0325,0.2601,0.0000,16.41,71.43,71.43,DIFF,51.0,1.577,0.959
sin_bloqueo_15grados,60.0,2,7,53.2899,0.5865,0.1683,0.0000,39.17,68.35,68.35,DIFF,33.0,1.679,1.269
sin_bloqueo_15grados,60.0,3,8,53.2899,0.9129,4.3350,0.0000,35.32,87.04,87.04,DIFF,850.0,1.076,0.160
sin_bloqueo_15grados,60.0,4,9,53.2032,7.8183,0.8109,0.0000,16.66,78.53,78.53,DIFF,159.0,1.305,0.449
sin_bloqueo_15grados,70.0,1,6,45.2664,6.9048,0.2686,0.0000,16.33,71.65,71.65,DIFF,62.0,1.570,0.866
sin_bloqueo_15grados,70.0,2,7,45.3314,1.5767,0.1516,0.0000,29.17,67.58,67.58,DIFF,35.0,1.701,1.249
sin_bloqueo_15grados,70.0,3,8,45.3357,2.2438,3.7166,0.0000,26.11,86.32,86.32,DIFF,858.0,1.087,0.161
sin_bloqueo_15grados,70.0,4,9,45.2881,6.9177,0.7061,0.0000,16.32,77.73,77.73,DIFF,163.0,1.335,0.454
sin_bloqueo_15grados,80.0,1,6,41.2495,6.3300,1.2936,0.0000,16.28,81.08,81.08,DIFF,328.0,1.216,0.291
sin_bloqueo_15grados,80.0,2,7,41.3639,3.0289,0.1538,0.0000,22.71,67.69,67.69,DIFF,39.0,1.698,1.181
sin_bloqueo_15grados,80.0,3,8,41.3284,3.6521,3.4076,0.0000,21.07,85.91,85.91,DIFF,864.0,1.094,0.162
sin_bloqueo_15grados,80.0,4,9,41.2889,6.3379,0.6586,0.0000,16.28,77.33,77.33,DIFF,167.0,1.351,0.454
sin_bloqueo_15grados,90.0,1,6,40.0171,6.1735,1.2546,0.0000,16.23,80.92,80.92,DIFF,328.0,1.221,0.293
sin_bloqueo_15grados,90.0,2,7,40.1319,2.9797,0.1645,0.0000,22.59,68.18,68.18,DIFF,43.0,1.684,1.115
sin_bloqueo_15grados,90.0,3,8,40.0822,3.5534,3.3277,0.0000,21.05,85.80,85.80,DIFF,870.0,1.097,0.161
sin_bloqueo_15grados,90.0,4,9,40.0477,6.1621,0.6426,0.0000,16.26,77.18,77.18,DIFF,168.0,1.356,0.454
sin_bloqueo_30grados,10.0,1,6,0.7611,1.1417,0.3806,0.0000,-3.52,73.96,73.96,DIFF,3.0,1.483,3.718
sin_bloqueo_30grados,10.0,2,7,1.9028,0.7611,0.1269,0.0000,7.96,66.25,66.25,DIFF,1.0,1.737,7.544
sin_bloqueo_30grados,10.0,3,8,1.1417,0.6343,0.6343,0.0000,5.11,77.11,77.11,DIFF,5.0,1.359,2.640
sin_bloqueo_30grados,10.0,4,9,0.8880,0.7611,0.1269,0.0000,1.34,66.25,66.25,DIFF,1.0,1.737,7.544
sin_bloqueo_30grados,20.0,1,6,18.7363,0.4905,0.3924,0.0000,31.64,74.15,74.15,DIFF,12.0,1.475,1.850
sin_bloqueo_30grados,20.0,2,7,18.6382,0.7194,0.1962,0.0000,28.27,69.45,69.45,DIFF,6.0,1.644,2.915
sin_bloqueo_30grados,20.0,3,8,18.8670,0.7521,0.2616,0.0000,27.99,71.47,71.47,DIFF,8.0,1.576,2.420
sin_bloqueo_30grados,20.0,4,9,18.3766,0.3924,0.1308,0.0000,33.41,66.48,66.48,DIFF,4.0,1.731,3.759
sin_bloqueo_30grados,30.0,1,6,71.5428,25.3827,0.3366,0.0000,9.00,73.16,73.16,DIFF,22.0,1.514,1.402
sin_bloqueo_30grados,30.0,2,7,71.6193,0.7344,0.1683,0.0000,39.78,68.35,68.35,DIFF,11.0,1.679,2.198
sin_bloqueo_30grados,30.0,3,8,71.8335,0.8415,0.5202,0.0000,38.63,75.92,75.92,DIFF,34.0,1.406,1.047
sin_bloqueo_30grados,30.0,4,9,71.5122,25.3062,0.0765,0.0000,9.02,62.34,62.34,DIFF,5.0,1.823,3.540
sin_bloqueo_30grados,40.0,1,6,80.7444,16.5895,0.3703,0.0000,13.75,73.78,73.78,DIFF,40.0,1.490,1.023
sin_bloqueo_30grados,40.0,2,7,80.8092,0.7499,0.1759,0.0000,40.65,68.67,68.67,DIFF,19.0,1.669,1.663
sin_bloqueo_30grados,40.0,3,8,80.8185,0.7128,9.3316,0.0000,41.09,90.55,90.55,DIFF,1008.0,1.037,0.142
sin_bloqueo_30grados,40.0,4,9,80.6426,16.3674,0.0741,0.0000,13.85,62.08,62.08,DIFF,8.0,1.828,2.806
sin_bloqueo_30grados,50.0,1,6,60.9315,11.7978,0.3324,0.0000,14.26,73.08,73.08,DIFF,51.0,1.517,0.922
sin_bloqueo_30grados,50.0,2,7,60.9576,0.7040,0.1825,0.0000,38.75,68.94,68.94,DIFF,28.0,1.661,1.363
sin_bloqueo_30grados,50.0,3,8,61.0358,1.7925,6.6224,0.0000,30.64,89.00,89.00,DIFF,1016.0,1.051,0.143
sin_bloqueo_30grados,50.0,4,9,60.8273,11.8826,1.2906,0.0000,14.18,81.07,81.07,DIFF,198.0,1.216,0.375
sin_bloqueo_30grados,60.0,1,6,47.8176,9.3228,0.3060,0.0000,14.20,72.53,72.53,DIFF,60.0,1.537,0.862
sin_bloqueo_30grados,60.0,2,7,47.8227,0.6732,0.2091,0.0000,37.03,69.91,69.91,DIFF,41.0,1.630,1.105
sin_bloqueo_30grados,60.0,3,8,47.8890,1.4892,5.2326,0.0000,30.15,87.92,87.92,DIFF,1026.0,1.064,0.144
sin_bloqueo_30grados,60.0,4,9,47.7207,9.5115,1.0302,0.0000,14.01,79.86,79.86,DIFF,202.0,1.257,0.384
sin_bloqueo_30grados,70.0,1,6,40.6965,7.9963,0.2686,0.0000,14.13,71.65,71.65,DIFF,62.0,1.570,0.866
sin_bloqueo_30grados,70.0,2,7,40.6965,0.6368,0.1863,0.0000,36.11,69.08,69.08,DIFF,43.0,1.656,1.097
sin_bloqueo_30grados,70.0,3,8,40.7441,1.3168,4.4703,0.0000,29.81,87.19,87.19,DIFF,1032.0,1.074,0.145
sin_bloqueo_30grados,70.0,4,9,40.5925,8.2129,0.9097,0.0000,13.88,79.17,79.17,DIFF,210.0,1.281,0.384
sin_bloqueo_30grados,80.0,1,6,37.0926,7.6236,0.2524,0.0000,13.74,71.22,71.22,DIFF,64.0,1.585,0.860
sin_bloqueo_30grados,80.0,2,7,37.0887,0.6862,0.4062,0.0000,34.66,74.37,74.37,DIFF,103.0,1.467,0.628
sin_bloqueo_30grados,80.0,3,8,37.1320,1.2266,4.0977,0.0000,29.62,86.78,86.78,DIFF,1039.0,1.080,0.145
sin_bloqueo_30grados,80.0,4,9,37.0019,7.5408,0.8361,0.0000,13.82,78.70,78.70,DIFF,212.0,1.298,0.387
sin_bloqueo_30grados,90.0,1,6,35.9894,7.4128,0.4093,0.0000,13.72,74.42,74.42,DIFF,107.0,1.465,0.615
sin_bloqueo_30grados,90.0,2,7,35.9818,1.1972,0.3940,0.0000,29.56,74.18,74.18,DIFF,103.0,1.474,0.631
sin_bloqueo_30grados,90.0,3,8,36.0238,1.7327,3.9856,0.0000,26.36,86.65,86.65,DIFF,1042.0,1.082,0.146
sin_bloqueo_30grados,90.0,4,9,35.9091,7.3249,0.8185,0.0000,13.81,78.58,78.58,DIFF,214.0,1.303,0.387
bloqueo_carrito_0grados,10.0,1,6,833.7860,0.7611,0.1269,0.0000,60.79,66.25,66.25,DIFF,1.0,1.737,7.544
bloqueo_carrito_0grados,10.0,2,7,833.7860,0.2537,0.0000,0.0000,70.33,-inf,70.33,LOS,6573.0,2.000,0.107
bloqueo_carrito_0grados,10.0,3,8,833.5323,0.6343,0.3806,0.0000,62.37,73.96,73.96,DIFF,3.0,1.483,3.718
bloqueo_carrito_0grados,10.0,4,9,833.9129,0.5074,0.0000,0.0000,64.32,-inf,64.32,LOS,6574.0,2.000,0.107
bloqueo_carrito_0grados,20.0,1,6,348.5008,0.4905,0.1635,0.0000,57.03,68.14,68.14,DIFF,5.0,1.685,3.273
bloqueo_carrito_0grados,20.0,2,7,348.6970,0.2616,0.1308,0.0000,62.50,66.48,66.48,DIFF,4.0,1.731,3.759
bloqueo_carrito_0grados,20.0,3,8,348.6643,0.3924,0.2616,0.0000,58.97,71.47,71.47,DIFF,8.0,1.576,2.420
bloqueo_carrito_0grados,20.0,4,9,348.5662,0.4578,0.0000,0.0000,57.63,-inf,57.63,LOS,10660.0,2.000,0.084
bloqueo_carrito_0grados,30.0,1,6,163.6794,0.4284,0.1836,0.0000,51.64,68.98,68.98,DIFF,12.0,1.659,2.080
bloqueo_carrito_0grados,30.0,2,7,163.6488,0.3978,0.1530,0.0000,52.28,67.65,67.65,DIFF,10.0,1.699,2.333
bloqueo_carrito_0grados,30.0,3,8,163.6335,0.4131,0.2142,0.0000,51.96,70.08,70.08,DIFF,14.0,1.624,1.885
bloqueo_carrito_0grados,30.0,4,9,163.5570,0.4437,0.0153,0.0000,51.33,49.02,51.33,LOS,10690.0,2.000,0.084
bloqueo_carrito_0grados,40.0,1,6,99.3614,0.4166,0.2962,0.0000,47.55,72.31,72.31,DIFF,32.0,1.545,1.186
bloqueo_carrito_0grados,40.0,2,7,99.3521,0.3333,0.1389,0.0000,49.49,66.93,66.93,DIFF,15.0,1.719,1.928
bloqueo_carrito_0grados,40.0,3,8,99.3336,0.3981,0.1666,0.0000,47.94,68.27,68.27,DIFF,18.0,1.681,1.721
bloqueo_carrito_0grados,40.0,4,9,99.2225,0.4721,0.0555,0.0000,46.45,59.77,59.77,DIFF,6.0,1.865,3.306
bloqueo_carrito_0grados,50.0,1,6,70.1808,0.4498,0.2803,0.0000,43.86,71.94,71.94,DIFF,43.0,1.559,1.033
bloqueo_carrito_0grados,50.0,2,7,70.1547,0.3650,0.1173,0.0000,45.67,65.66,65.66,DIFF,18.0,1.752,1.793
bloqueo_carrito_0grados,50.0,3,8,70.1482,0.4041,0.1890,0.0000,44.79,69.19,69.19,DIFF,29.0,1.653,1.333
bloqueo_carrito_0grados,50.0,4,9,70.1352,0.4758,0.0913,0.0000,43.37,63.72,63.72,DIFF,14.0,1.796,2.084
bloqueo_carrito_0grados,60.0,1,6,55.0341,5.8905,0.2907,0.0000,19.41,72.18,72.18,DIFF,57.0,1.550,0.892
bloqueo_carrito_0grados,60.0,2,7,54.9882,5.7630,0.1224,0.0000,19.59,65.98,65.98,DIFF,24.0,1.744,1.546
bloqueo_carrito_0grados,60.0,3,8,54.9729,5.8497,0.1989,0.0000,19.46,69.55,69.55,DIFF,39.0,1.641,1.141
bloqueo_carrito_0grados,60.0,4,9,55.0902,5.8905,0.0969,0.0000,19.42,64.19,64.19,DIFF,19.0,1.786,1.779
bloqueo_carrito_0grados,70.0,1,6,46.8865,5.1677,2.6423,0.0000,19.15,84.69,84.69,DIFF,610.0,1.119,0.197
bloqueo_carrito_0grados,70.0,2,7,46.8345,5.0551,0.1429,0.0000,19.34,67.14,67.14,DIFF,33.0,1.713,1.295
bloqueo_carrito_0grados,70.0,3,8,46.7652,5.1461,2.5774,0.0000,19.17,84.57,84.57,DIFF,595.0,1.121,0.200
bloqueo_carrito_0grados,70.0,4,9,46.9125,5.1721,0.0996,0.0000,19.15,64.40,64.40,DIFF,23.0,1.781,1.613
bloqueo_carrito_0grados,80.0,1,6,42.7285,5.0246,2.4334,0.0000,18.59,84.29,84.29,DIFF,617.0,1.127,0.197
bloqueo_carrito_0grados,80.0,2,7,42.6614,4.7130,0.4417,0.0000,19.13,74.90,74.90,DIFF,112.0,1.446,0.593
bloqueo_carrito_0grados,80.0,3,8,42.6220,4.9575,2.3703,0.0000,18.69,84.16,84.16,DIFF,601.0,1.130,0.200
bloqueo_carrito_0grados,80.0,4,9,42.7679,4.7998,0.4062,0.0000,19.00,74.37,74.37,DIFF,103.0,1.467,0.628
bloqueo_carrito_0grados,90.0,1,6,41.4400,4.8807,2.3600,0.0000,18.58,84.14,84.14,DIFF,617.0,1.131,0.198
bloqueo_carrito_0grados,90.0,2,7,41.3827,4.5976,0.4322,0.0000,19.09,74.77,74.77,DIFF,113.0,1.451,0.593
bloqueo_carrito_0grados,90.0,3,8,41.3368,4.8157,2.3026,0.0000,18.67,84.02,84.02,DIFF,602.0,1.134,0.201
bloqueo_carrito_0grados,90.0,4,9,41.4859,4.6818,0.3940,0.0000,18.95,74.18,74.18,DIFF,103.0,1.474,0.631
bloqueo_carrito_15grados,10.0,1,6,228.3303,0.7611,0.2537,0.0000,49.54,71.26,71.26,DIFF,2.0,1.584,4.863
bloqueo_carrito_15grados,10.0,2,7,228.3303,0.6343,0.0000,0.0000,51.13,-inf,51.13,LOS,1800.0,2.000,0.205
bloqueo_carrito_15grados,10.0,3,8,227.8229,0.8880,0.3806,0.0000,48.18,73.96,73.96,DIFF,3.0,1.483,3.718
bloqueo_carrito_15grados,10.0,4,9,227.6960,0.2537,0.1269,0.0000,59.06,66.25,66.25,DIFF,1.0,1.737,7.544
bloqueo_carrito_15grados,20.0,1,6,234.2849,0.5559,0.1635,0.0000,52.50,68.14,68.14,DIFF,5.0,1.685,3.273
bloqueo_carrito_15grados,20.0,2,7,234.1214,0.7521,0.2289,0.0000,49.86,70.54,70.54,DIFF,7.0,1.608,2.640
bloqueo_carrito_15grados,20.0,3,8,234.0560,0.7521,0.1962,0.0000,49.86,69.45,69.45,DIFF,6.0,1.644,2.915
bloqueo_carrito_15grados,20.0,4,9,233.8598,0.4251,0.0654,0.0000,54.81,61.09,61.09,DIFF,2.0,1.845,5.665
bloqueo_carrito_15grados,30.0,1,6,157.8654,0.4590,0.2142,0.0000,50.73,70.08,70.08,DIFF,14.0,1.624,1.885
bloqueo_carrito_15grados,30.0,2,7,157.5441,0.5508,0.2601,0.0000,49.13,71.43,71.43,DIFF,17.0,1.577,1.662
bloqueo_carrito_15grados,30.0,3,8,157.6665,0.6426,0.1989,0.0000,47.80,69.55,69.55,DIFF,13.0,1.641,1.977
bloqueo_carrito_15grados,30.0,4,9,157.3758,0.3978,0.0765,0.0000,51.95,62.34,62.34,DIFF,5.0,1.823,3.540
bloqueo_carrito_15grados,40.0,1,6,96.1120,5.0176,0.2129,0.0000,25.65,70.04,70.04,DIFF,23.0,1.625,1.472
bloqueo_carrito_15grados,40.0,2,7,95.9916,0.4721,0.1944,0.0000,46.16,69.39,69.39,DIFF,21.0,1.646,1.560
bloqueo_carrito_15grados,40.0,3,8,96.0379,0.6943,0.1759,0.0000,42.82,68.67,68.67,DIFF,19.0,1.669,1.663
bloqueo_carrito_15grados,40.0,4,9,95.7509,4.9713,0.0926,0.0000,25.69,63.83,63.83,DIFF,10.0,1.793,2.463
bloqueo_carrito_15grados,50.0,1,6,67.8538,9.8554,0.2542,0.0000,16.76,71.27,71.27,DIFF,39.0,1.583,1.101
bloqueo_carrito_15grados,50.0,2,7,67.8668,0.4432,0.1955,0.0000,43.70,69.43,69.43,DIFF,30.0,1.645,1.304
bloqueo_carrito_15grados,50.0,3,8,67.8538,0.6844,5.3514,0.0000,39.93,88.02,88.02,DIFF,821.0,1.062,0.161
bloqueo_carrito_15grados,50.0,4,9,67.6974,9.8880,0.0978,0.0000,16.71,64.26,64.26,DIFF,15.0,1.784,2.001
bloqueo_carrito_15grados,60.0,1,6,53.2032,7.8285,0.2601,0.0000,16.65,71.43,71.43,DIFF,51.0,1.577,0.959
bloqueo_carrito_15grados,60.0,2,7,53.2134,0.4896,0.1683,0.0000,40.72,68.35,68.35,DIFF,33.0,1.679,1.269
bloqueo_carrito_15grados,60.0,3,8,53.1777,0.8772,4.2177,0.0000,35.65,86.92,86.92,DIFF,827.0,1.078,0.163
bloqueo_carrito_15grados,60.0,4,9,53.1114,7.8489,0.7650,0.0000,16.61,78.20,78.20,DIFF,150.0,1.317,0.467
bloqueo_carrito_15grados,70.0,1,6,45.3011,6.7185,0.2426,0.0000,16.58,70.95,70.95,DIFF,56.0,1.594,0.925
bloqueo_carrito_15grados,70.0,2,7,45.2924,1.4858,0.1776,0.0000,29.68,68.74,68.74,DIFF,41.0,1.667,1.131
bloqueo_carrito_15grados,70.0,3,8,45.2578,2.1832,3.6213,0.0000,26.33,86.20,86.20,DIFF,836.0,1.089,0.164
bloqueo_carrito_15grados,70.0,4,9,45.1928,6.9351,0.6714,0.0000,16.28,77.44,77.44,DIFF,155.0,1.346,0.470
bloqueo_carrito_15grados,80.0,1,6,41.2968,6.1604,1.2660,0.0000,16.53,80.97,80.97,DIFF,321.0,1.219,0.296
bloqueo_carrito_15grados,80.0,2,7,41.2732,2.9382,0.1696,0.0000,22.95,68.40,68.40,DIFF,43.0,1.677,1.111
bloqueo_carrito_15grados,80.0,3,8,41.2258,3.5811,3.3168,0.0000,21.22,85.78,85.78,DIFF,841.0,1.097,0.164
bloqueo_carrito_15grados,80.0,4,9,41.1825,6.3497,0.6350,0.0000,16.24,77.11,77.11,DIFF,161.0,1.359,0.465
bloqueo_carrito_15grados,90.0,1,6,40.0707,6.0167,1.2316,0.0000,16.47,80.82,80.82,DIFF,322.0,1.224,0.296
bloqueo_carrito_15grados,90.0,2,7,40.0401,2.8993,0.1759,0.0000,22.80,68.67,68.67,DIFF,46.0,1.669,1.069
bloqueo_carrito_15grados,90.0,3,8,39.9865,3.4999,3.2283,0.0000,21.16,85.65,85.65,DIFF,844.0,1.099,0.164
bloqueo_carrito_15grados,90.0,4,9,39.9559,6.1621,0.6196,0.0000,16.24,76.97,76.97,DIFF,162.0,1.365,0.466
bloqueo_carrito_30grados,10.0,1,6,0.8880,0.6343,0.2537,0.0000,2.92,71.26,71.26,DIFF,2.0,1.584,4.863
bloqueo_carrito_30grados,10.0,2,7,0.6343,0.7611,0.1269,0.0000,-1.58,66.25,66.25,DIFF,1.0,1.737,7.544
bloqueo_carrito_30grados,10.0,3,8,1.0148,1.0148,0.3806,0.0000,-0.00,73.96,73.96,DIFF,3.0,1.483,3.718
bloqueo_carrito_30grados,10.0,4,9,1.0148,0.5074,0.0000,0.0000,6.02,-inf,6.02,LOS,8.0,2.000,3.071
bloqueo_carrito_30grados,20.0,1,6,18.3439,0.4251,0.7848,0.0000,32.70,78.34,78.34,DIFF,24.0,1.312,1.163
bloqueo_carrito_30grados,20.0,2,7,18.6382,0.8829,0.1962,0.0000,26.49,69.45,69.45,DIFF,6.0,1.644,2.915
bloqueo_carrito_30grados,20.0,3,8,18.6055,0.9483,0.1962,0.0000,25.85,69.45,69.45,DIFF,6.0,1.644,2.915
bloqueo_carrito_30grados,20.0,4,9,18.3766,0.3270,0.0327,0.0000,34.99,55.42,55.42,DIFF,1.0,1.916,8.320
bloqueo_carrito_30grados,30.0,1,6,71.4204,25.2603,0.5967,0.0000,9.03,76.75,76.75,DIFF,39.0,1.373,0.955
bloqueo_carrito_30grados,30.0,2,7,71.5122,0.7191,0.1530,0.0000,39.95,67.65,67.65,DIFF,10.0,1.699,2.333
bloqueo_carrito_30grados,30.0,3,8,71.7111,0.8721,0.4896,0.0000,38.30,75.55,75.55,DIFF,32.0,1.421,1.091
bloqueo_carrito_30grados,30.0,4,9,71.3592,25.2297,0.0765,0.0000,9.03,62.34,62.34,DIFF,5.0,1.823,3.540
bloqueo_carrito_30grados,40.0,1,6,80.5222,16.3396,0.5277,0.0000,13.85,76.00,76.00,DIFF,57.0,1.403,0.807
bloqueo_carrito_30grados,40.0,2,7,80.6889,0.6665,0.2037,0.0000,41.66,69.72,69.72,DIFF,22.0,1.636,1.515
bloqueo_carrito_30grados,40.0,3,8,80.8000,0.7684,9.3131,0.0000,40.44,90.55,90.55,DIFF,1006.0,1.037,0.142
bloqueo_carrito_30grados,40.0,4,9,80.5222,16.3211,0.0555,0.0000,13.86,59.77,59.77,DIFF,6.0,1.865,3.306
bloqueo_carrito_30grados,50.0,1,6,60.7686,11.5892,0.4172,0.0000,14.39,74.54,74.54,DIFF,64.0,1.460,0.793
bloqueo_carrito_30grados,50.0,2,7,60.9511,0.6323,0.1825,0.0000,39.68,68.94,68.94,DIFF,28.0,1.661,1.363
bloqueo_carrito_30grados,50.0,3,8,60.8924,1.8446,6.5768,0.0000,30.37,88.97,88.97,DIFF,1009.0,1.051,0.144
bloqueo_carrito_30grados,50.0,4,9,60.7230,11.8695,1.2645,0.0000,14.18,80.96,80.96,DIFF,194.0,1.219,0.380
bloqueo_carrito_30grados,60.0,1,6,47.6901,9.1851,0.3672,0.0000,14.31,73.73,73.73,DIFF,72.0,1.492,0.764
bloqueo_carrito_30grados,60.0,2,7,47.8380,0.5712,0.1785,0.0000,38.46,68.77,68.77,DIFF,35.0,1.666,1.223
bloqueo_carrito_30grados,60.0,3,8,47.7717,1.5045,5.1561,0.0000,30.04,87.85,87.85,DIFF,1011.0,1.064,0.145
bloqueo_carrito_30grados,60.0,4,9,47.6391,9.4299,1.0200,0.0000,14.07,79.80,79.80,DIFF,200.0,1.258,0.386
bloqueo_carrito_30grados,70.0,1,6,40.5448,7.8881,0.3335,0.0000,14.22,73.10,73.10,DIFF,77.0,1.516,0.750
bloqueo_carrito_30grados,70.0,2,7,40.7008,0.5848,0.1603,0.0000,36.85,67.99,67.99,DIFF,37.0,1.689,1.206
bloqueo_carrito_30grados,70.0,3,8,40.6575,1.3428,4.3924,0.0000,29.62,87.11,87.11,DIFF,1014.0,1.075,0.147
bloqueo_carrito_30grados,70.0,4,9,40.5319,8.0743,0.8837,0.0000,14.01,79.01,79.01,DIFF,204.0,1.287,0.391
bloqueo_carrito_30grados,80.0,1,6,36.9585,7.5290,0.3195,0.0000,13.82,72.81,72.81,DIFF,81.0,1.527,0.737
bloqueo_carrito_30grados,80.0,2,7,37.1044,0.6468,0.3826,0.0000,35.17,73.99,73.99,DIFF,97.0,1.482,0.653
bloqueo_carrito_30grados,80.0,3,8,37.0611,1.2739,4.0189,0.0000,29.28,86.69,86.69,DIFF,1019.0,1.081,0.147
bloqueo_carrito_30grados,80.0,4,9,36.9467,7.4067,0.8164,0.0000,13.96,78.57,78.57,DIFF,207.0,1.303,0.393
bloqueo_carrito_30grados,90.0,1,6,35.8632,7.3057,0.4705,0.0000,13.82,75.30,75.30,DIFF,123.0,1.430,0.560
bloqueo_carrito_30grados,90.0,2,7,36.0047,1.1628,0.3710,0.0000,29.82,73.79,73.79,DIFF,97.0,1.489,0.657
bloqueo_carrito_30grados,90.0,3,8,35.9512,1.7748,3.9015,0.0000,26.13,86.55,86.55,DIFF,1020.0,1.084,0.147
bloqueo_carrito_30grados,90.0,4,9,35.8402,7.2025,0.7918,0.0000,13.94,78.39,78.39,DIFF,207.0,1.310,0.395
bloqueo_persona_0grados,10.0,1,6,0.0000,0.5074,0.1269,0.0000,-inf,66.25,66.25,DIFF,1.0,1.737,7.544
bloqueo_persona_0grados,10.0,2,7,834.2934,0.0000,0.0000,0.0000,110.23,-inf,110.23,LOS,6577.0,1.000,0.054
bloqueo_persona_0grados,10.0,3,8,833.9129,0.7611,0.3806,0.0000,60.79,73.96,73.96,DIFF,3.0,1.483,3.718
bloqueo_persona_0grados,10.0,4,9,834.2934,0.2537,0.3806,0.0000,70.34,73.96,73.96,DIFF,3.0,1.483,3.718
bloqueo_persona_0grados,20.0,1,6,0.0000,0.4905,0.2289,0.0000,-inf,70.54,70.54,DIFF,7.0,1.608,2.640
bloqueo_persona_0grados,20.0,2,7,348.5989,0.0654,0.0000,0.0000,74.53,-inf,74.53,LOS,10661.0,1.999,0.084
bloqueo_persona_0grados,20.0,3,8,348.5662,0.4251,0.3924,0.0000,58.28,74.15,74.15,DIFF,12.0,1.475,1.850
bloqueo_persona_0grados,20.0,4,9,348.3700,0.3597,0.1962,0.0000,59.72,69.45,69.45,DIFF,6.0,1.644,2.915
bloqueo_persona_0grados,30.0,1,6,0.0000,0.3825,0.1989,0.0000,-inf,69.55,69.55,DIFF,13.0,1.641,1.977
bloqueo_persona_0grados,30.0,2,7,163.6335,0.0459,0.0306,0.0000,71.04,54.86,71.04,LOS,10695.0,1.999,0.084
bloqueo_persona_0grados,30.0,3,8,163.6794,0.4131,0.3060,0.0000,51.96,72.53,72.53,DIFF,20.0,1.537,1.493
bloqueo_persona_0grados,30.0,4,9,163.6794,0.4437,0.2142,0.0000,51.34,70.08,70.08,DIFF,14.0,1.624,1.885
bloqueo_persona_0grados,40.0,1,6,0.0000,0.4999,0.2592,0.0000,-inf,71.40,71.40,DIFF,28.0,1.578,1.295
bloqueo_persona_0grados,40.0,2,7,99.2873,0.0648,0.1018,0.0000,63.71,64.57,64.57,DIFF,11.0,1.777,2.327
bloqueo_persona_0grados,40.0,3,8,99.3429,0.4814,0.2962,0.0000,46.29,72.31,72.31,DIFF,32.0,1.545,1.186
bloqueo_persona_0grados,40.0,4,9,99.3799,0.5277,0.1852,0.0000,45.50,69.04,69.04,DIFF,20.0,1.658,1.610
bloqueo_persona_0grados,50.0,1,6,0.0000,0.4823,0.2477,0.0000,-inf,71.09,71.09,DIFF,38.0,1.589,1.120
bloqueo_persona_0grados,50.0,2,7,70.1286,0.0782,0.1238,0.0000,59.05,66.07,66.07,DIFF,19.0,1.742,1.735
bloqueo_persona_0grados,50.0,3,8,70.1352,0.4954,0.2738,0.0000,43.02,71.78,71.78,DIFF,42.0,1.565,1.049
bloqueo_persona_0grados,50.0,4,9,70.2003,0.5084,0.1564,0.0000,42.80,67.81,67.81,DIFF,24.0,1.694,1.502
bloqueo_persona_0grados,60.0,1,6,0.0000,5.8803,0.2397,0.0000,-inf,70.86,70.86,DIFF,47.0,1.597,1.012
bloqueo_persona_0grados,60.0,2,7,55.0188,0.1173,0.1122,0.0000,53.42,65.32,65.32,DIFF,22.0,1.760,1.630
bloqueo_persona_0grados,60.0,3,8,55.0392,5.8650,0.2550,0.0000,19.45,71.29,71.29,DIFF,50.0,1.582,0.972
bloqueo_persona_0grados,60.0,4,9,55.0341,5.8905,0.1428,0.0000,19.41,67.14,67.14,DIFF,28.0,1.713,1.406
bloqueo_persona_0grados,70.0,1,6,0.0000,5.1764,2.6120,0.0000,-inf,84.63,84.63,DIFF,603.0,1.120,0.198
bloqueo_persona_0grados,70.0,2,7,46.8908,0.1300,0.1126,0.0000,51.15,65.35,65.35,DIFF,26.0,1.759,1.499
bloqueo_persona_0grados,70.0,3,8,46.8562,5.1547,2.6423,0.0000,19.17,84.69,84.69,DIFF,610.0,1.119,0.197
bloqueo_persona_0grados,70.0,4,9,46.8475,5.1807,0.1429,0.0000,19.13,67.14,67.14,DIFF,33.0,1.713,1.295
bloqueo_persona_0grados,80.0,1,6,0.0039,5.0522,2.4097,0.0000,-62.15,84.24,84.24,DIFF,611.0,1.129,0.198
bloqueo_persona_0grados,80.0,2,7,42.7166,0.1420,0.1144,0.0000,49.57,65.46,65.46,DIFF,29.0,1.757,1.417
bloqueo_persona_0grados,80.0,3,8,42.7009,4.8550,2.4295,0.0000,18.89,84.28,84.28,DIFF,616.0,1.128,0.197
bloqueo_persona_0grados,80.0,4,9,42.6772,4.8313,0.4496,0.0000,18.92,75.02,75.02,DIFF,114.0,1.442,0.586
bloqueo_persona_0grados,90.0,1,6,0.0038,4.9036,2.3371,0.0000,-62.16,84.09,84.09,DIFF,611.0,1.132,0.199
bloqueo_persona_0grados,90.0,2,7,41.4362,0.1568,0.1262,0.0000,48.44,66.21,66.21,DIFF,33.0,1.738,1.314
bloqueo_persona_0grados,90.0,3,8,41.4133,4.7162,2.3600,0.0000,18.87,84.14,84.14,DIFF,617.0,1.131,0.198
bloqueo_persona_0grados,90.0,4,9,41.3941,4.6933,0.4399,0.0000,18.91,74.88,74.88,DIFF,115.0,1.447,0.586
bloqueo_persona_15grados,10.0,1,6,0.0000,0.1269,0.2537,0.0000,-inf,71.26,71.26,DIFF,2.0,1.584,4.863
bloqueo_persona_15grados,10.0,2,7,228.3303,0.1269,0.0000,0.0000,65.10,-inf,65.10,LOS,1800.0,2.000,0.205
bloqueo_persona_15grados,10.0,3,8,228.0766,0.3806,0.1269,0.0000,55.55,66.25,66.25,DIFF,1.0,1.737,7.544
bloqueo_persona_15grados,10.0,4,9,228.3303,0.3806,0.0000,0.0000,55.56,-inf,55.56,LOS,1800.0,2.000,0.205
bloqueo_persona_15grados,20.0,1,6,0.0000,0.5886,0.2943,0.0000,-inf,72.27,72.27,DIFF,9.0,1.547,2.240
bloqueo_persona_15grados,20.0,2,7,234.4811,0.0327,0.0654,0.0000,77.10,61.09,77.10,LOS,7171.0,1.998,0.102
bloqueo_persona_15grados,20.0,3,8,234.3176,0.5559,0.0981,0.0000,52.50,64.28,64.28,DIFF,3.0,1.784,4.473
bloqueo_persona_15grados,20.0,4,9,234.3503,0.3270,0.0000,0.0000,57.11,-inf,57.11,LOS,7167.0,2.000,0.103
bloqueo_persona_15grados,30.0,1,6,0.0000,0.4896,0.4437,0.0000,-inf,74.93,74.93,DIFF,29.0,1.445,1.165
bloqueo_persona_15grados,30.0,2,7,157.6359,0.1071,0.1071,0.0000,63.36,64.96,64.96,DIFF,7.0,1.768,2.903
bloqueo_persona_15grados,30.0,3,8,157.7430,0.5355,0.1989,0.0000,49.38,69.55,69.55,DIFF,13.0,1.641,1.977
bloqueo_persona_15grados,30.0,4,9,157.5288,0.4131,0.0459,0.0000,51.63,58.22,58.22,DIFF,3.0,1.886,4.728
bloqueo_persona_15grados,40.0,1,6,0.0000,5.0546,0.3796,0.0000,-inf,73.94,73.94,DIFF,41.0,1.484,1.006
bloqueo_persona_15grados,40.0,2,7,96.0472,0.1574,0.1481,0.0000,55.71,67.41,67.41,DIFF,16.0,1.706,1.852
bloqueo_persona_15grados,40.0,3,8,96.0379,0.5555,0.1759,0.0000,44.76,68.67,68.67,DIFF,19.0,1.669,1.663
bloqueo_persona_15grados,40.0,4,9,95.9824,4.9621,0.0648,0.0000,25.73,61.01,61.01,DIFF,7.0,1.846,3.030
bloqueo_persona_15grados,50.0,1,6,0.0000,9.6599,0.3715,0.0000,-inf,73.80,73.80,DIFF,57.0,1.489,0.857
bloqueo_persona_15grados,50.0,2,7,67.8994,0.1695,0.1434,0.0000,52.06,67.17,67.17,DIFF,22.0,1.713,1.586
bloqueo_persona_15grados,50.0,3,8,67.8212,0.5345,5.3514,0.0000,42.07,88.02,88.02,DIFF,821.0,1.062,0.161
bloqueo_persona_15grados,50.0,4,9,67.8343,9.8228,0.0847,0.0000,16.78,63.14,63.14,DIFF,13.0,1.808,2.177
bloqueo_persona_15grados,60.0,1,6,0.0000,7.6347,0.3825,0.0000,-inf,73.99,73.99,DIFF,75.0,1.482,0.743
bloqueo_persona_15grados,60.0,2,7,53.3052,0.1887,0.1479,0.0000,49.02,67.40,67.40,DIFF,29.0,1.706,1.376
bloqueo_persona_15grados,60.0,3,8,53.2695,0.7242,4.2585,0.0000,37.33,86.96,86.96,DIFF,835.0,1.077,0.162
bloqueo_persona_15grados,60.0,4,9,53.2746,7.7622,0.7701,0.0000,16.73,78.23,78.23,DIFF,151.0,1.316,0.465
bloqueo_persona_15grados,70.0,1,6,0.0000,6.5712,0.3379,0.0000,-inf,73.18,73.18,DIFF,78.0,1.513,0.744
bloqueo_persona_15grados,70.0,2,7,45.3574,0.1776,0.1473,0.0000,48.14,67.37,67.37,DIFF,34.0,1.707,1.271
bloqueo_persona_15grados,70.0,3,8,45.3184,1.7890,3.6603,0.0000,28.07,86.25,86.25,DIFF,845.0,1.089,0.163
bloqueo_persona_15grados,70.0,4,9,45.3227,6.7705,0.6671,0.0000,16.51,77.40,77.40,DIFF,154.0,1.348,0.472
bloqueo_persona_15grados,80.0,1,6,0.0039,6.0421,1.3567,0.0000,-63.71,81.33,81.33,DIFF,344.0,1.208,0.283
bloqueo_persona_15grados,80.0,2,7,41.3205,0.1775,0.1420,0.0000,47.34,67.09,67.09,DIFF,36.0,1.715,1.241
bloqueo_persona_15grados,80.0,3,8,41.3126,3.2261,3.3444,0.0000,22.15,85.82,85.82,DIFF,848.0,1.096,0.163
bloqueo_persona_15grados,80.0,4,9,41.3047,6.1841,0.6113,0.0000,16.49,76.89,76.89,DIFF,155.0,1.368,0.477
bloqueo_persona_15grados,90.0,1,6,0.0038,5.9134,1.3158,0.0000,-63.78,81.17,81.17,DIFF,344.0,1.213,0.284
bloqueo_persona_15grados,90.0,2,7,40.0783,0.1874,0.1377,0.0000,46.60,66.87,66.87,DIFF,36.0,1.721,1.246
bloqueo_persona_15grados,90.0,3,8,40.0707,3.1441,3.2551,0.0000,22.11,85.69,85.69,DIFF,851.0,1.098,0.164
bloqueo_persona_15grados,90.0,4,9,40.0745,6.0091,0.6043,0.0000,16.48,76.82,76.82,DIFF,158.0,1.370,0.473
bloqueo_persona_30grados,10.0,1,6,0.0000,0.7611,0.2537,0.0000,-inf,71.26,71.26,DIFF,2.0,1.584,4.863
bloqueo_persona_30grados,10.0,2,7,1.0148,0.0000,0.0000,0.0000,79.78,-inf,79.78,LOS,8.0,1.259,1.934
bloqueo_persona_30grados,10.0,3,8,1.2685,0.8880,0.2537,0.0000,3.10,71.26,71.26,DIFF,2.0,1.584,4.863
bloqueo_persona_30grados,10.0,4,9,1.7759,0.3806,0.0000,0.0000,13.38,-inf,13.38,LOS,14.0,2.000,2.321
bloqueo_persona_30grados,20.0,1,6,0.0000,0.6213,0.4905,0.0000,-inf,75.56,75.56,DIFF,15.0,1.420,1.593
bloqueo_persona_30grados,20.0,2,7,18.6709,0.0981,0.1308,0.0000,45.59,66.48,66.48,DIFF,4.0,1.731,3.759
bloqueo_persona_30grados,20.0,3,8,18.7689,0.5886,0.3270,0.0000,30.07,72.97,72.97,DIFF,10.0,1.521,2.089
bloqueo_persona_30grados,20.0,4,9,18.9324,0.2616,0.0981,0.0000,37.19,64.28,64.28,DIFF,3.0,1.784,4.473
bloqueo_persona_30grados,30.0,1,6,0.0153,23.5926,0.4437,0.0000,-63.76,74.93,74.93,DIFF,29.0,1.445,1.165
bloqueo_persona_30grados,30.0,2,7,71.6346,0.1377,0.1836,0.0000,54.32,68.98,68.98,DIFF,12.0,1.659,2.080
bloqueo_persona_30grados,30.0,3,8,71.5887,0.6120,0.5202,0.0000,41.36,75.92,75.92,DIFF,34.0,1.406,1.047
bloqueo_persona_30grados,30.0,4,9,71.7264,25.1685,0.1224,0.0000,9.10,65.98,65.98,DIFF,8.0,1.744,2.678
bloqueo_persona_30grados,40.0,1,6,0.0093,15.4323,0.4258,0.0000,-64.44,74.67,74.67,DIFF,46.0,1.455,0.932
bloqueo_persona_30grados,40.0,2,7,80.7166,0.1574,0.1574,0.0000,54.20,67.86,67.86,DIFF,17.0,1.693,1.783
bloqueo_persona_30grados,40.0,3,8,80.7537,0.5647,9.3224,0.0000,43.11,90.55,90.55,DIFF,1007.0,1.037,0.142
bloqueo_persona_30grados,40.0,4,9,80.7537,16.2748,0.0741,0.0000,13.91,62.08,62.08,DIFF,8.0,1.828,2.806
bloqueo_persona_30grados,50.0,1,6,0.0065,11.0287,0.4237,0.0000,-64.57,74.64,74.64,DIFF,65.0,1.456,0.784
bloqueo_persona_30grados,50.0,2,7,60.9641,0.1890,0.1434,0.0000,50.17,67.17,67.17,DIFF,22.0,1.713,1.586
bloqueo_persona_30grados,50.0,3,8,60.9381,1.1733,6.6029,0.0000,34.31,88.99,88.99,DIFF,1013.0,1.051,0.143
bloqueo_persona_30grados,50.0,4,9,60.9055,11.8565,1.2645,0.0000,14.21,80.96,80.96,DIFF,194.0,1.219,0.380
bloqueo_persona_30grados,60.0,1,6,0.0051,8.7822,0.3621,0.0000,-64.72,73.64,73.64,DIFF,71.0,1.495,0.771
bloqueo_persona_30grados,60.0,2,7,47.7819,0.1887,0.1479,0.0000,48.07,67.40,67.40,DIFF,29.0,1.706,1.376
bloqueo_persona_30grados,60.0,3,8,47.8125,0.9741,5.1816,0.0000,33.82,87.87,87.87,DIFF,1016.0,1.064,0.145
bloqueo_persona_30grados,60.0,4,9,47.8023,9.3432,0.9945,0.0000,14.18,79.67,79.67,DIFF,195.0,1.263,0.393
bloqueo_persona_30grados,70.0,1,6,0.0043,7.5329,0.3249,0.0000,-64.81,72.92,72.92,DIFF,75.0,1.522,0.763
bloqueo_persona_30grados,70.0,2,7,40.6401,0.2252,0.1256,0.0000,45.13,66.18,66.18,DIFF,29.0,1.739,1.402
bloqueo_persona_30grados,70.0,3,8,40.7224,0.9183,4.4097,0.0000,32.94,87.12,87.12,DIFF,1018.0,1.075,0.146
bloqueo_persona_30grados,70.0,4,9,40.6835,7.9877,0.8707,0.0000,14.14,78.93,78.93,DIFF,201.0,1.290,0.395
bloqueo_persona_30grados,80.0,1,6,0.0039,7.1937,0.3116,0.0000,-65.22,72.65,72.65,DIFF,79.0,1.533,0.749
bloqueo_persona_30grados,80.0,2,7,37.0374,0.2090,0.1144,0.0000,44.97,65.46,65.46,DIFF,29.0,1.757,1.417
bloqueo_persona_30grados,80.0,3,8,37.1044,0.8598,4.0583,0.0000,32.70,86.74,86.74,DIFF,1029.0,1.081,0.146
bloqueo_persona_30grados,80.0,4,9,37.0887,7.3278,0.8124,0.0000,14.09,78.54,78.54,DIFF,206.0,1.304,0.395
bloqueo_persona_30grados,90.0,1,6,0.0038,7.0036,0.4628,0.0000,-65.25,75.20,75.20,DIFF,121.0,1.434,0.566
bloqueo_persona_30grados,90.0,2,7,35.9473,0.2027,0.1109,0.0000,44.98,65.23,65.23,DIFF,29.0,1.762,1.421
bloqueo_persona_30grados,90.0,3,8,35.9932,1.3846,3.9474,0.0000,28.30,86.61,86.61,DIFF,1032.0,1.083,0.146
bloqueo_persona_30grados,90.0,4,9,35.9818,7.1260,0.7879,0.0000,14.06,78.37,78.37,DIFF,206.0,1.311,0.397
