NOID,Tipo,X_mm,Y_mm,Z_mm,TiltX_deg,TiltY_deg,TiltZ_deg,Comentario,Par1,Par2,Par3,Par4,Par5,Par6,Par7,Par8,Par9,Par10,Par11,Par12,Par13,Par14,Par15,Par16,Par17
5,NSC_STLO,,,,,,,,,,,,,,,,,,,,,,,,
6,NSC_SRAD,0.000000000000E+00,0.000000000000E+00,0.000000000000E+00,0.000000000000E+00,0.000000000000E+00,0.000000000000E+00,,1.000000000000E+00,1.000000000000E+00,,,,,,,,,,,,,,,
12,NSC_SRAD,1.000000000000E+02,3.300000000000E+02,-2.600000000000E+02,1.800000000000E+02,0.000000000000E+00,0.000000000000E+00,,1.000000000000E+00,0.000000000000E+00,2.000000000000E+00,0.000000000000E+00,0.000000000000E+00,1.000000000000E+01,1.000000000000E+01,0.000000000000E+00,9.000000000000E+01,5.000000000000E+00,0.000000000000E+00,0.000000000000E+00,0.000000000000E+00,0.000000000000E+00,0.000000000000E+00,,
13,NSC_SRAD,1.800000000000E+02,3.300000000000E+02,-2.600000000000E+02,1.800000000000E+02,0.000000000000E+00,0.000000000000E+00,,0.000000000000E+00,0.000000000000E+00,2.000000000000E+00,0.000000000000E+00,0.000000000000E+00,1.000000000000E+01,1.000000000000E+01,0.000000000000E+00,9.000000000000E+01,5.000000000000E+00,0.000000000000E+00,0.000000000000E+00,0.000000000000E+00,0.000000000000E+00,0.000000000000E+00,,
14,NSC_SRAD,-1.000000000000E+02,3.300000000000E+02,-2.600000000000E+02,1.800000000000E+02,0.000000000000E+00,0.000000000000E+00,,0.000000000000E+00,0.000000000000E+00,2.000000000000E+00,0.000000000000E+00,0.000000000000E+00,1.000000000000E+01,1.000000000000E+01,0.000000000000E+00,9.000000000000E+01,5.000000000000E+00,0.000000000000E+00,0.000000000000E+00,0.000000000000E+00,0.000000000000E+00,0.000000000000E+00,,
7,NSC_DETE,-1.800000000000E+02,3.300000000000E+02,-2.600000000000E+02,1.800000000000E+02,0.000000000000E+00,0.000000000000E+00,,0.000000000000E+00,0.000000000000E+00,2.000000000000E+00,0.000000000000E+00,0.000000000000E+00,1.000000000000E+01,1.000000000000E+01,0.000000000000E+00,9.000000000000E+01,5.000000000000E+00,0.000000000000E+00,0.000000000000E+00,0.000000000000E+00,0.000000000000E+00,0.000000000000E+00,,
9,NSC_DETE,1.000000000000E+02,3.300000000000E+02,-3.130000000000E+02,0.000000000000E+00,0.000000000000E+00,0.000000000000E+00,,5.000000000000E+00,5.000000000000E+00,1.000000000000E+02,1.000000000000E+02,0.000000000000E+00,0.000000000000E+00,0.000000000000E+00,0.000000000000E+00,0.000000000000E+00,0.000000000000E+00,0.000000000000E+00,-9.000000000000E+01,9.000000000000E+01,-9.000000000000E+01,9.000000000000E+01,0.000000000000E+00,0.000000000000E+00
10,NSC_DETE,1.800000000000E+02,3.300000000000E+02,-3.130000000000E+02,0.000000000000E+00,0.000000000000E+00,0.000000000000E+00,,5.000000000000E+00,5.000000000000E+00,1.000000000000E+02,1.000000000000E+02,0.000000000000E+00,0.000000000000E+00,0.000000000000E+00,0.000000000000E+00,0.000000000000E+00,0.000000000000E+00,0.000000000000E+00,-9.000000000000E+01,9.000000000000E+01,-9.000000000000E+01,9.000000000000E+01,0.000000000000E+00,0.000000000000E+00
11,NSC_DETE,-1.000000000000E+02,3.300000000000E+02,-3.130000000000E+02,0.000000000000E+00,0.000000000000E+00,0.000000000000E+00,,5.000000000000E+00,5.000000000000E+00,1.000000000000E+02,1.000000000000E+02,0.000000000000E+00,0.000000000000E+00,0.000000000000E+00,0.000000000000E+00,0.000000000000E+00,0.000000000000E+00,0.000000000000E+00,-9.000000000000E+01,9.000000000000E+01,-9.000000000000E+01,9.000000000000E+01,0.000000000000E+00,0.000000000000E+00
15,NSC_CBLK,-1.800000000000E+02,3.300000000000E+02,-3.130000000000E+02,0.000000000000E+00,0.000000000000E+00,0.000000000000E+00,,5.000000000000E+00,5.000000000000E+00,1.000000000000E+02,1.000000000000E+02,0.000000000000E+00,0.000000000000E+00,0.000000000000E+00,0.000000000000E+00,0.000000000000E+00,0.000000000000E+00,0.000000000000E+00,-9.000000000000E+01,9.000000000000E+01,-9.000000000000E+01,9.000000000000E+01,0.000000000000E+00,0.000000000000E+00
16,NSC_SRAD,1.000000000000E+02,3.300000000000E+02,-2.960000000000E+02,0.000000000000E+00,0.000000000000E+00,0.000000000000E+00,ABSORB,2.000000000000E+01,3.000000000000E+01,2.000000000000E+01,,,,,,,,,,,,,,
